#include "OLEDDisplayFonts.h"

const uint8_t ArialMT_Plain_10[] PROGMEM = {
	0x0A, // Width: 10
	0x0D, // Height: 13
	0x20, // First Char: 32
	0xE0, // Number of chars: 224

	// Jump Table:
	0xFF, 0xFF, 0x00, 0x03, // 32 ' ' (blank)
	0x00, 0x00, 0x04, 0x03, // 33 '!'
	0x00, 0x04, 0x05, 0x04, // 34 '"'
	0x00, 0x09, 0x09, 0x06, // 35 '#'
	0x00, 0x12, 0x0A, 0x06, // 36 '$'
	0x00, 0x1C, 0x10, 0x09, // 37 '%'
	0x00, 0x2C, 0x0E, 0x07, // 38 '&'
	0x00, 0x3A, 0x01, 0x02, // 39 '''
	0x00, 0x3B, 0x06, 0x03, // 40 '('
	0x00, 0x41, 0x06, 0x03, // 41 ')'
	0x00, 0x47, 0x05, 0x04, // 42 '*'
	0x00, 0x4C, 0x09, 0x06, // 43 '+'
	0x00, 0x55, 0x04, 0x03, // 44 ','
	0x00, 0x59, 0x03, 0x03, // 45 '-'
	0x00, 0x5C, 0x04, 0x03, // 46 '.'
	0x00, 0x60, 0x05, 0x03, // 47 '/'
	0x00, 0x65, 0x0A, 0x06, // 48 '0'
	0x00, 0x6F, 0x08, 0x06, // 49 '1'
	0x00, 0x77, 0x0A, 0x06, // 50 '2'
	0x00, 0x81, 0x0A, 0x06, // 51 '3'
	0x00, 0x8B, 0x0B, 0x06, // 52 '4'
	0x00, 0x96, 0x0A, 0x06, // 53 '5'
	0x00, 0xA0, 0x0A, 0x06, // 54 '6'
	0x00, 0xAA, 0x09, 0x06, // 55 '7'
	0x00, 0xB3, 0x0A, 0x06, // 56 '8'
	0x00, 0xBD, 0x0A, 0x06, // 57 '9'
	0x00, 0xC7, 0x04, 0x03, // 58 ':'
	0x00, 0xCB, 0x04, 0x03, // 59 ';'
	0x00, 0xCF, 0x0A, 0x06, // 60 '<'
	0x00, 0xD9, 0x09, 0x06, // 61 '='
	0x00, 0xE2, 0x09, 0x06, // 62 '>'
	0x00, 0xEB, 0x0B, 0x06, // 63 '?'
	0x00, 0xF6, 0x14, 0x0A, // 64 '@'
	0x01, 0x0A, 0x0E, 0x07, // 65 'A'
	0x01, 0x18, 0x0C, 0x07, // 66 'B'
	0x01, 0x24, 0x0C, 0x07, // 67 'C'
	0x01, 0x30, 0x0B, 0x07, // 68 'D'
	0x01, 0x3B, 0x0C, 0x07, // 69 'E'
	0x01, 0x47, 0x09, 0x06, // 70 'F'
	0x01, 0x50, 0x0D, 0x08, // 71 'G'
	0x01, 0x5D, 0x0C, 0x07, // 72 'H'
	0x01, 0x69, 0x04, 0x03, // 73 'I'
	0x01, 0x6D, 0x08, 0x05, // 74 'J'
	0x01, 0x75, 0x0E, 0x07, // 75 'K'
	0x01, 0x83, 0x0C, 0x06, // 76 'L'
	0x01, 0x8F, 0x10, 0x08, // 77 'M'
	0x01, 0x9F, 0x0C, 0x07, // 78 'N'
	0x01, 0xAB, 0x0E, 0x08, // 79 'O'
	0x01, 0xB9, 0x0B, 0x07, // 80 'P'
	0x01, 0xC4, 0x0E, 0x08, // 81 'Q'
	0x01, 0xD2, 0x0C, 0x07, // 82 'R'
	0x01, 0xDE, 0x0C, 0x07, // 83 'S'
	0x01, 0xEA, 0x0B, 0x06, // 84 'T'
	0x01, 0xF5, 0x0C, 0x07, // 85 'U'
	0x02, 0x01, 0x0D, 0x07, // 86 'V'
	0x02, 0x0E, 0x11, 0x09, // 87 'W'
	0x02, 0x1F, 0x0E, 0x07, // 88 'X'
	0x02, 0x2D, 0x0D, 0x07, // 89 'Y'
	0x02, 0x3A, 0x0C, 0x06, // 90 'Z'
	0x02, 0x46, 0x06, 0x03, // 91 '['
	0x02, 0x4C, 0x06, 0x03, // 92 '\'
	0x02, 0x52, 0x04, 0x03, // 93 ']'
	0x02, 0x56, 0x09, 0x05, // 94 '^'
	0x02, 0x5F, 0x0C, 0x06, // 95 '_'
	0x02, 0x6B, 0x03, 0x03, // 96 '`'
	0x02, 0x6E, 0x0A, 0x06, // 97 'a'
	0x02, 0x78, 0x0A, 0x06, // 98 'b'
	0x02, 0x82, 0x0A, 0x05, // 99 'c'
	0x02, 0x8C, 0x0A, 0x06, // 100 'd'
	0x02, 0x96, 0x0A, 0x06, // 101 'e'
	0x02, 0xA0, 0x05, 0x03, // 102 'f'
	0x02, 0xA5, 0x0A, 0x06, // 103 'g'
	0x02, 0xAF, 0x0A, 0x06, // 104 'h'
	0x02, 0xB9, 0x04, 0x02, // 105 'i'
	0x02, 0xBD, 0x04, 0x02, // 106 'j'
	0x02, 0xC1, 0x08, 0x05, // 107 'k'
	0x02, 0xC9, 0x04, 0x02, // 108 'l'
	0x02, 0xCD, 0x10, 0x08, // 109 'm'
	0x02, 0xDD, 0x0A, 0x06, // 110 'n'
	0x02, 0xE7, 0x0A, 0x06, // 111 'o'
	0x02, 0xF1, 0x0A, 0x06, // 112 'p'
	0x02, 0xFB, 0x0A, 0x06, // 113 'q'
	0x03, 0x05, 0x05, 0x03, // 114 'r'
	0x03, 0x0A, 0x08, 0x05, // 115 's'
	0x03, 0x12, 0x06, 0x03, // 116 't'
	0x03, 0x18, 0x0A, 0x06, // 117 'u'
	0x03, 0x22, 0x09, 0x05, // 118 'v'
	0x03, 0x2B, 0x0E, 0x07, // 119 'w'
	0x03, 0x39, 0x0A, 0x05, // 120 'x'
	0x03, 0x43, 0x09, 0x05, // 121 'y'
	0x03, 0x4C, 0x0A, 0x05, // 122 'z'
	0x03, 0x56, 0x06, 0x03, // 123 '{'
	0x03, 0x5C, 0x04, 0x03, // 124 '|'
	0x03, 0x60, 0x05, 0x03, // 125 '}'
	0x03, 0x65, 0x09, 0x06, // 126 '~'
	0xFF, 0xFF, 0x00, 0x00, // 127 '' (blank)
	0x03, 0x6E, 0x0A, 0x05, // 128 ''
	0x03, 0x78, 0x0F, 0x08, // 129 ''
	0x03, 0x87, 0x0F, 0x08, // 130 ''
	0x03, 0x96, 0x0D, 0x07, // 131 ''
	0x03, 0xA3, 0x0F, 0x08, // 132 ''
	0x03, 0xB2, 0x0F, 0x08, // 133 ''
	0x03, 0xC1, 0x0F, 0x08, // 134 ''
	0x03, 0xD0, 0x0F, 0x08, // 135 ''
	0x03, 0xDF, 0x0F, 0x08, // 136 ''
	0x03, 0xEE, 0x0F, 0x08, // 137 ''
	0x03, 0xFD, 0x0F, 0x08, // 138 ''
	0x04, 0x0C, 0x12, 0x09, // 139 ''
	0x04, 0x1E, 0x11, 0x09, // 140 ''
	0x04, 0x2F, 0x12, 0x09, // 141 ''
	0x04, 0x41, 0x12, 0x09, // 142 ''
	0x04, 0x53, 0x10, 0x08, // 143 ''
	0x04, 0x63, 0x12, 0x09, // 144 ''
	0x04, 0x75, 0x11, 0x09, // 145 ''
	0x04, 0x86, 0x0D, 0x07, // 146 ''
	0x04, 0x93, 0x12, 0x09, // 147 ''
	0x04, 0xA5, 0x12, 0x09, // 148 ''
	0x04, 0xB7, 0x12, 0x09, // 149 ''
	0x04, 0xC9, 0x10, 0x08, // 150 ''
	0x04, 0xD9, 0x0E, 0x07, // 151 ''
	0x04, 0xE7, 0x0E, 0x07, // 152 ''
	0x04, 0xF5, 0x0E, 0x07, // 153 ''
	0x05, 0x03, 0x0F, 0x08, // 154 ''
	0x05, 0x12, 0x10, 0x08, // 155 ''
	0x05, 0x22, 0x12, 0x09, // 156 ''
	0x05, 0x34, 0x12, 0x09, // 157 ''
	0xFF, 0xFF, 0x00, 0x0A, // 158 '' (blank)
	0xFF, 0xFF, 0x00, 0x0A, // 159 '' (blank)
	0xFF, 0xFF, 0x00, 0x03, // 160 ' ' (blank)
	0x05, 0x46, 0x04, 0x03, // 161 '¡'
	0x05, 0x4A, 0x0A, 0x06, // 162 '¢'
	0x05, 0x54, 0x0C, 0x06, // 163 '£'
	0x05, 0x60, 0x0A, 0x06, // 164 '¤'
	0x05, 0x6A, 0x0A, 0x06, // 165 '¥'
	0x05, 0x74, 0x04, 0x03, // 166 '¦'
	0x05, 0x78, 0x0A, 0x06, // 167 '§'
	0x05, 0x82, 0x05, 0x03, // 168 '¨'
	0x05, 0x87, 0x0D, 0x07, // 169 '©'
	0x05, 0x94, 0x07, 0x04, // 170 'ª'
	0x05, 0x9B, 0x0A, 0x06, // 171 '«'
	0x05, 0xA5, 0x09, 0x06, // 172 '¬'
	0x05, 0xAE, 0x03, 0x03, // 173 '­'
	0x05, 0xB1, 0x0D, 0x07, // 174 '®'
	0x05, 0xBE, 0x0B, 0x06, // 175 '¯'
	0x05, 0xC9, 0x07, 0x04, // 176 '°'
	0x05, 0xD0, 0x0A, 0x05, // 177 '±'
	0x05, 0xDA, 0x05, 0x03, // 178 '²'
	0x05, 0xDF, 0x05, 0x03, // 179 '³'
	0x05, 0xE4, 0x05, 0x03, // 180 '´'
	0x05, 0xE9, 0x0A, 0x06, // 181 'µ'
	0x05, 0xF3, 0x09, 0x05, // 182 '¶'
	0x05, 0xFC, 0x03, 0x03, // 183 '·'
	0x05, 0xFF, 0x06, 0x03, // 184 '¸'
	0x06, 0x05, 0x05, 0x03, // 185 '¹'
	0x06, 0x0A, 0x07, 0x04, // 186 'º'
	0x06, 0x11, 0x0A, 0x06, // 187 '»'
	0x06, 0x1B, 0x10, 0x08, // 188 '¼'
	0x06, 0x2B, 0x10, 0x08, // 189 '½'
	0x06, 0x3B, 0x10, 0x08, // 190 '¾'
	0x06, 0x4B, 0x0A, 0x06, // 191 '¿'
	0x06, 0x55, 0x0E, 0x07, // 192 'À'
	0x06, 0x63, 0x0E, 0x07, // 193 'Á'
	0x06, 0x71, 0x0E, 0x07, // 194 'Â'
	0x06, 0x7F, 0x0E, 0x07, // 195 'Ã'
	0x06, 0x8D, 0x0E, 0x07, // 196 'Ä'
	0x06, 0x9B, 0x0E, 0x07, // 197 'Å'
	0x06, 0xA9, 0x12, 0x0A, // 198 'Æ'
	0x06, 0xBB, 0x0C, 0x07, // 199 'Ç'
	0x06, 0xC7, 0x0C, 0x07, // 200 'È'
	0x06, 0xD3, 0x0C, 0x07, // 201 'É'
	0x06, 0xDF, 0x0C, 0x07, // 202 'Ê'
	0x06, 0xEB, 0x0C, 0x07, // 203 'Ë'
	0x06, 0xF7, 0x05, 0x03, // 204 'Ì'
	0x06, 0xFC, 0x04, 0x03, // 205 'Í'
	0x07, 0x00, 0x04, 0x03, // 206 'Î'
	0x07, 0x04, 0x05, 0x03, // 207 'Ï'
	0x07, 0x09, 0x0B, 0x07, // 208 'Ð'
	0x07, 0x14, 0x0C, 0x07, // 209 'Ñ'
	0x07, 0x20, 0x0E, 0x08, // 210 'Ò'
	0x07, 0x2E, 0x0E, 0x08, // 211 'Ó'
	0x07, 0x3C, 0x0E, 0x08, // 212 'Ô'
	0x07, 0x4A, 0x0E, 0x08, // 213 'Õ'
	0x07, 0x58, 0x0E, 0x08, // 214 'Ö'
	0x07, 0x66, 0x0A, 0x06, // 215 '×'
	0x07, 0x70, 0x0D, 0x08, // 216 'Ø'
	0x07, 0x7D, 0x0C, 0x07, // 217 'Ù'
	0x07, 0x89, 0x0C, 0x07, // 218 'Ú'
	0x07, 0x95, 0x0C, 0x07, // 219 'Û'
	0x07, 0xA1, 0x0C, 0x07, // 220 'Ü'
	0x07, 0xAD, 0x0D, 0x07, // 221 'Ý'
	0x07, 0xBA, 0x0B, 0x07, // 222 'Þ'
	0x07, 0xC5, 0x0C, 0x06, // 223 'ß'
	0x07, 0xD1, 0x0A, 0x06, // 224 'à'
	0x07, 0xDB, 0x0A, 0x06, // 225 'á'
	0x07, 0xE5, 0x0A, 0x06, // 226 'â'
	0x07, 0xEF, 0x0A, 0x06, // 227 'ã'
	0x07, 0xF9, 0x0A, 0x06, // 228 'ä'
	0x08, 0x03, 0x0A, 0x06, // 229 'å'
	0x08, 0x0D, 0x10, 0x09, // 230 'æ'
	0x08, 0x1D, 0x0A, 0x05, // 231 'ç'
	0x08, 0x27, 0x0A, 0x06, // 232 'è'
	0x08, 0x31, 0x0A, 0x06, // 233 'é'
	0x08, 0x3B, 0x0A, 0x06, // 234 'ê'
	0x08, 0x45, 0x0A, 0x06, // 235 'ë'
	0x08, 0x4F, 0x05, 0x03, // 236 'ì'
	0x08, 0x54, 0x04, 0x03, // 237 'í'
	0x08, 0x58, 0x05, 0x03, // 238 'î'
	0x08, 0x5D, 0x05, 0x03, // 239 'ï'
	0x08, 0x62, 0x0A, 0x06, // 240 'ð'
	0x08, 0x6C, 0x0A, 0x06, // 241 'ñ'
	0x08, 0x76, 0x0A, 0x06, // 242 'ò'
	0x08, 0x80, 0x0A, 0x06, // 243 'ó'
	0x08, 0x8A, 0x0A, 0x06, // 244 'ô'
	0x08, 0x94, 0x0A, 0x06, // 245 'õ'
	0x08, 0x9E, 0x0A, 0x06, // 246 'ö'
	0x08, 0xA8, 0x09, 0x05, // 247 '÷'
	0x08, 0xB1, 0x0A, 0x06, // 248 'ø'
	0x08, 0xBB, 0x0A, 0x06, // 249 'ù'
	0x08, 0xC5, 0x0A, 0x06, // 250 'ú'
	0x08, 0xCF, 0x0A, 0x06, // 251 'û'
	0x08, 0xD9, 0x0A, 0x06, // 252 'ü'
	0x08, 0xE3, 0x09, 0x05, // 253 'ý'
	0x08, 0xEC, 0x0A, 0x06, // 254 'þ'
	0x08, 0xF6, 0x09, 0x05, // 255 'ÿ'

	// Font Data:
	0x00,0x00,0xF8,0x02, // 33 '!'
	0x38,0x00,0x00,0x00,0x38, // 34 '"'
	0xA0,0x03,0xE0,0x00,0xB8,0x03,0xE0,0x00,0xB8, // 35 '#'
	0x30,0x01,0x28,0x02,0xF8,0x07,0x48,0x02,0x90,0x01, // 36 '$'
	0x00,0x00,0x30,0x00,0x48,0x00,0x30,0x03,0xC0,0x00,0xB0,0x01,0x48,0x02,0x80,0x01, // 37 '%'
	0x80,0x01,0x50,0x02,0x68,0x02,0xA8,0x02,0x18,0x01,0x80,0x03,0x80,0x02, // 38 '&'
	0x38, // 39 '''
	0xE0,0x03,0x10,0x04,0x08,0x08, // 40 '('
	0x08,0x08,0x10,0x04,0xE0,0x03, // 41 ')'
	0x28,0x00,0x18,0x00,0x28, // 42 '*'
	0x40,0x00,0x40,0x00,0xF0,0x01,0x40,0x00,0x40, // 43 '+'
	0x00,0x00,0x00,0x06, // 44 ','
	0x80,0x00,0x80, // 45 '-'
	0x00,0x00,0x00,0x02, // 46 '.'
	0x00,0x03,0xE0,0x00,0x18, // 47 '/'
	0xF0,0x01,0x08,0x02,0x08,0x02,0x08,0x02,0xF0,0x01, // 48 '0'
	0x00,0x00,0x20,0x00,0x10,0x00,0xF8,0x03, // 49 '1'
	0x10,0x02,0x08,0x03,0x88,0x02,0x48,0x02,0x30,0x02, // 50 '2'
	0x10,0x01,0x08,0x02,0x48,0x02,0x48,0x02,0xB0,0x01, // 51 '3'
	0xC0,0x00,0xA0,0x00,0x90,0x00,0x88,0x00,0xF8,0x03,0x80, // 52 '4'
	0x60,0x01,0x38,0x02,0x28,0x02,0x28,0x02,0xC8,0x01, // 53 '5'
	0xF0,0x01,0x28,0x02,0x28,0x02,0x28,0x02,0xD0,0x01, // 54 '6'
	0x08,0x00,0x08,0x03,0xC8,0x00,0x38,0x00,0x08, // 55 '7'
	0xB0,0x01,0x48,0x02,0x48,0x02,0x48,0x02,0xB0,0x01, // 56 '8'
	0x70,0x01,0x88,0x02,0x88,0x02,0x88,0x02,0xF0,0x01, // 57 '9'
	0x00,0x00,0x20,0x02, // 58 ':'
	0x00,0x00,0x20,0x06, // 59 ';'
	0x00,0x00,0x40,0x00,0xA0,0x00,0xA0,0x00,0x10,0x01, // 60 '<'
	0xA0,0x00,0xA0,0x00,0xA0,0x00,0xA0,0x00,0xA0, // 61 '='
	0x00,0x00,0x10,0x01,0xA0,0x00,0xA0,0x00,0x40, // 62 '>'
	0x10,0x00,0x08,0x00,0x08,0x00,0xC8,0x02,0x48,0x00,0x30, // 63 '?'
	0x00,0x00,0xC0,0x03,0x30,0x04,0xD0,0x09,0x28,0x0A,0x28,0x0A,0xC8,0x0B,0x68,0x0A,0x10,0x05,0xE0,0x04, // 64 '@'
	0x00,0x02,0xC0,0x01,0xB0,0x00,0x88,0x00,0xB0,0x00,0xC0,0x01,0x00,0x02, // 65 'A'
	0x00,0x00,0xF8,0x03,0x48,0x02,0x48,0x02,0x48,0x02,0xF0,0x01, // 66 'B'
	0x00,0x00,0xF0,0x01,0x08,0x02,0x08,0x02,0x08,0x02,0x10,0x01, // 67 'C'
	0x00,0x00,0xF8,0x03,0x08,0x02,0x08,0x02,0x10,0x01,0xE0, // 68 'D'
	0x00,0x00,0xF8,0x03,0x48,0x02,0x48,0x02,0x48,0x02,0x48,0x02, // 69 'E'
	0x00,0x00,0xF8,0x03,0x48,0x00,0x48,0x00,0x08, // 70 'F'
	0x00,0x00,0xE0,0x00,0x10,0x01,0x08,0x02,0x48,0x02,0x50,0x01,0xC0, // 71 'G'
	0x00,0x00,0xF8,0x03,0x40,0x00,0x40,0x00,0x40,0x00,0xF8,0x03, // 72 'H'
	0x00,0x00,0xF8,0x03, // 73 'I'
	0x00,0x03,0x00,0x02,0x00,0x02,0xF8,0x01, // 74 'J'
	0x00,0x00,0xF8,0x03,0x80,0x00,0x60,0x00,0x90,0x00,0x08,0x01,0x00,0x02, // 75 'K'
	0x00,0x00,0xF8,0x03,0x00,0x02,0x00,0x02,0x00,0x02,0x00,0x02, // 76 'L'
	0x00,0x00,0xF8,0x03,0x30,0x00,0xC0,0x01,0x00,0x02,0xC0,0x01,0x30,0x00,0xF8,0x03, // 77 'M'
	0x00,0x00,0xF8,0x03,0x30,0x00,0x40,0x00,0x80,0x01,0xF8,0x03, // 78 'N'
	0x00,0x00,0xF0,0x01,0x08,0x02,0x08,0x02,0x08,0x02,0x08,0x02,0xF0,0x01, // 79 'O'
	0x00,0x00,0xF8,0x03,0x48,0x00,0x48,0x00,0x48,0x00,0x30, // 80 'P'
	0x00,0x00,0xF0,0x01,0x08,0x02,0x08,0x02,0x08,0x03,0x08,0x03,0xF0,0x02, // 81 'Q'
	0x00,0x00,0xF8,0x03,0x48,0x00,0x48,0x00,0xC8,0x00,0x30,0x03, // 82 'R'
	0x00,0x00,0x30,0x01,0x48,0x02,0x48,0x02,0x48,0x02,0x90,0x01, // 83 'S'
	0x00,0x00,0x08,0x00,0x08,0x00,0xF8,0x03,0x08,0x00,0x08, // 84 'T'
	0x00,0x00,0xF8,0x01,0x00,0x02,0x00,0x02,0x00,0x02,0xF8,0x01, // 85 'U'
	0x08,0x00,0x70,0x00,0x80,0x01,0x00,0x02,0x80,0x01,0x70,0x00,0x08, // 86 'V'
	0x18,0x00,0xE0,0x01,0x00,0x02,0xF0,0x01,0x08,0x00,0xF0,0x01,0x00,0x02,0xE0,0x01,0x18, // 87 'W'
	0x00,0x02,0x08,0x01,0x90,0x00,0x60,0x00,0x90,0x00,0x08,0x01,0x00,0x02, // 88 'X'
	0x08,0x00,0x10,0x00,0x20,0x00,0xC0,0x03,0x20,0x00,0x10,0x00,0x08, // 89 'Y'
	0x08,0x03,0x88,0x02,0xC8,0x02,0x68,0x02,0x38,0x02,0x18,0x02, // 90 'Z'
	0x00,0x00,0xF8,0x0F,0x08,0x08, // 91 '['
	0x18,0x00,0xE0,0x00,0x00,0x03, // 92 '\'
	0x08,0x08,0xF8,0x0F, // 93 ']'
	0x40,0x00,0x30,0x00,0x08,0x00,0x30,0x00,0x40, // 94 '^'
	0x00,0x08,0x00,0x08,0x00,0x08,0x00,0x08,0x00,0x08,0x00,0x08, // 95 '_'
	0x08,0x00,0x10, // 96 '`'
	0x00,0x00,0x00,0x03,0xA0,0x02,0xA0,0x02,0xE0,0x03, // 97 'a'
	0x00,0x00,0xF8,0x03,0x20,0x02,0x20,0x02,0xC0,0x01, // 98 'b'
	0x00,0x00,0xC0,0x01,0x20,0x02,0x20,0x02,0x40,0x01, // 99 'c'
	0x00,0x00,0xC0,0x01,0x20,0x02,0x20,0x02,0xF8,0x03, // 100 'd'
	0x00,0x00,0xC0,0x01,0xA0,0x02,0xA0,0x02,0xC0,0x02, // 101 'e'
	0x20,0x00,0xF0,0x03,0x28, // 102 'f'
	0x00,0x00,0xC0,0x05,0x20,0x0A,0x20,0x0A,0xE0,0x07, // 103 'g'
	0x00,0x00,0xF8,0x03,0x20,0x00,0x20,0x00,0xC0,0x03, // 104 'h'
	0x00,0x00,0xE8,0x03, // 105 'i'
	0x00,0x08,0xE8,0x07, // 106 'j'
	0xF8,0x03,0x80,0x00,0xC0,0x01,0x20,0x02, // 107 'k'
	0x00,0x00,0xF8,0x03, // 108 'l'
	0x00,0x00,0xE0,0x03,0x20,0x00,0x20,0x00,0xE0,0x03,0x20,0x00,0x20,0x00,0xC0,0x03, // 109 'm'
	0x00,0x00,0xE0,0x03,0x20,0x00,0x20,0x00,0xC0,0x03, // 110 'n'
	0x00,0x00,0xC0,0x01,0x20,0x02,0x20,0x02,0xC0,0x01, // 111 'o'
	0x00,0x00,0xE0,0x0F,0x20,0x02,0x20,0x02,0xC0,0x01, // 112 'p'
	0x00,0x00,0xC0,0x01,0x20,0x02,0x20,0x02,0xE0,0x0F, // 113 'q'
	0x00,0x00,0xE0,0x03,0x20, // 114 'r'
	0x40,0x02,0xA0,0x02,0xA0,0x02,0x20,0x01, // 115 's'
	0x20,0x00,0xF8,0x03,0x20,0x02, // 116 't'
	0x00,0x00,0xE0,0x01,0x00,0x02,0x00,0x02,0xE0,0x03, // 117 'u'
	0x20,0x00,0xC0,0x01,0x00,0x02,0xC0,0x01,0x20, // 118 'v'
	0xE0,0x01,0x00,0x02,0xC0,0x01,0x20,0x00,0xC0,0x01,0x00,0x02,0xE0,0x01, // 119 'w'
	0x20,0x02,0x40,0x01,0x80,0x00,0x40,0x01,0x20,0x02, // 120 'x'
	0x20,0x00,0xC0,0x09,0x00,0x06,0xC0,0x01,0x20, // 121 'y'
	0x20,0x02,0x20,0x03,0xA0,0x02,0x60,0x02,0x20,0x02, // 122 'z'
	0x80,0x00,0x78,0x0F,0x08,0x08, // 123 '{'
	0x00,0x00,0xF8,0x0F, // 124 '|'
	0x08,0x08,0x78,0x0F,0x80, // 125 '}'
	0xC0,0x00,0x40,0x00,0xC0,0x00,0x80,0x00,0xC0, // 126 '~'
	0xFC,0x03,0xEC,0x03,0xB4,0x02,0xCC,0x03,0xFC,0x03, // 128 ''
	0xF8,0x00,0x04,0x01,0x52,0x02,0x82,0x02,0x82,0x02,0x52,0x02,0x04,0x01,0xF8, // 129 ''
	0xF8,0x00,0x04,0x01,0x6A,0x02,0xE2,0x02,0xE2,0x02,0x6A,0x02,0x04,0x01,0xF8, // 130 ''
	0x70,0x00,0xF8,0x00,0xF8,0x01,0xF0,0x03,0xF8,0x01,0xF8,0x00,0x70, // 131 ''
	0xF8,0x00,0x04,0x01,0x92,0x02,0x42,0x02,0x42,0x02,0x92,0x02,0x04,0x01,0xF8, // 132 ''
	0xF8,0x00,0x04,0x01,0x2A,0x02,0x92,0x02,0x92,0x02,0x2A,0x02,0x04,0x01,0xF8, // 133 ''
	0xF8,0x00,0x04,0x01,0x1A,0x02,0xC2,0x02,0xC2,0x02,0x1A,0x02,0x04,0x01,0xF8, // 134 ''
	0xF8,0x00,0x04,0x01,0x12,0x02,0x82,0x02,0x4A,0x02,0x42,0x02,0x04,0x01,0xF8, // 135 ''
	0xF8,0x00,0x14,0x01,0x32,0x02,0x82,0x02,0x8A,0x02,0x2A,0x02,0x0C,0x01,0xF8, // 136 ''
	0xF8,0x00,0x3C,0x01,0x3A,0x02,0x9A,0x02,0x9A,0x02,0x3A,0x02,0x3C,0x01,0xF8, // 137 ''
	0xF8,0x00,0x04,0x01,0x52,0x02,0x42,0x02,0x42,0x02,0x52,0x02,0x04,0x01,0xF8, // 138 ''
	0xC0,0x07,0x40,0x04,0x3C,0x08,0x04,0x08,0x38,0x08,0xE0,0x0F,0xA0,0x0A,0xA0,0x0A,0xC0,0x07, // 139 ''
	0xF8,0x00,0x88,0x00,0x04,0x0F,0x04,0x08,0x04,0x06,0xFC,0x01,0x54,0x01,0x54,0x01,0xF8, // 140 ''
	0x00,0x06,0x80,0x07,0xE0,0x07,0xF8,0x07,0x1C,0x05,0xF8,0x07,0xE0,0x07,0x80,0x07,0x00,0x06, // 141 ''
	0xF8,0x03,0x0C,0x06,0xEC,0x06,0x0C,0x06,0xFC,0x07,0x0C,0x06,0xBC,0x07,0x4C,0x06,0xF8,0x03, // 142 ''
	0x02,0x08,0x0E,0x0F,0x92,0x0E,0x62,0x0F,0x62,0x0F,0x92,0x0E,0x0E,0x0F,0x02,0x08, // 143 ''
	0xF0,0x01,0xF8,0x03,0xFC,0x07,0xEC,0x07,0xB4,0x06,0xCC,0x07,0xFC,0x07,0xF8,0x03,0xF0,0x01, // 144 ''
	0x70,0x02,0x88,0x01,0x28,0x01,0x88,0x00,0xA8,0x00,0x88,0x00,0xA8,0x00,0x88,0x00,0x70, // 145 ''
	0x38,0x00,0xC4,0x01,0x02,0x06,0xBA,0x0E,0x02,0x06,0xC4,0x01,0x38, // 146 ''
	0x70,0x00,0xC0,0x00,0xC8,0x00,0xF8,0x00,0xF0,0x01,0x80,0x03,0x00,0x0F,0x00,0x0A,0x00,0x0E, // 147 ''
	0xF8,0x0F,0x08,0x08,0x88,0x0F,0xB8,0x0F,0xA8,0x0F,0xB8,0x0F,0xB8,0x0F,0x08,0x08,0xF8,0x0F, // 148 ''
	0xF0,0x01,0x88,0x03,0x0C,0x06,0x94,0x07,0xF4,0x07,0xC4,0x04,0x64,0x06,0xC8,0x02,0xF0,0x01, // 149 ''
	0x00,0x0E,0x00,0x0F,0xB8,0x0F,0xFC,0x0F,0xFC,0x0F,0xB8,0x0F,0x00,0x0F,0x00,0x0E, // 150 ''
	0xC0,0x0F,0x58,0x09,0x68,0x09,0xF0,0x0F,0x68,0x09,0x58,0x09,0xC0,0x0F, // 151 ''
	0xE0,0x07,0xF4,0x0F,0x1C,0x0D,0x4C,0x09,0x5C,0x0C,0xF4,0x0F,0xE0,0x07, // 152 ''
	0xC0,0x0F,0xF8,0x0F,0xC4,0x0F,0xC4,0x0C,0xC4,0x0F,0xF8,0x0F,0xC0,0x0F, // 153 ''
	0x70,0x00,0x78,0x0E,0xDC,0x09,0x7C,0x08,0x74,0x08,0xDC,0x09,0x78,0x0E,0x70, // 154 ''
	0x30,0x03,0xBC,0x04,0x72,0x0C,0x0A,0x05,0x62,0x0D,0x5C,0x04,0x80,0x02,0x80,0x01, // 155 ''
	0x7E,0x07,0x82,0x04,0x24,0x08,0x88,0x0A,0x88,0x09,0x88,0x0A,0x24,0x08,0x82,0x04,0x7E,0x03, // 156 ''
	0xF8,0x0F,0xFC,0x07,0xCE,0x0F,0x7E,0x06,0x7E,0x0E,0x7E,0x06,0xCE,0x0F,0xFC,0x07,0xF8,0x0F, // 157 ''
	0x00,0x00,0xA0,0x0F, // 161 '¡'
	0x00,0x00,0xC0,0x01,0xA0,0x0F,0x78,0x02,0x40,0x01, // 162 '¢'
	0x40,0x02,0x70,0x03,0xC8,0x02,0x48,0x02,0x08,0x02,0x10,0x02, // 163 '£'
	0x00,0x00,0xE0,0x01,0x20,0x01,0x20,0x01,0xE0,0x01, // 164 '¤'
	0x48,0x01,0x70,0x01,0xC0,0x03,0x70,0x01,0x48,0x01, // 165 '¥'
	0x00,0x00,0x38,0x0F, // 166 '¦'
	0xD0,0x04,0x28,0x09,0x48,0x09,0x48,0x0A,0x90,0x05, // 167 '§'
	0x08,0x00,0x00,0x00,0x08, // 168 '¨'
	0xE0,0x00,0x10,0x01,0x48,0x02,0xA8,0x02,0xA8,0x02,0x10,0x01,0xE0, // 169 '©'
	0x68,0x00,0x68,0x00,0x68,0x00,0x78, // 170 'ª'
	0x00,0x00,0x80,0x01,0x40,0x02,0x80,0x01,0x40,0x02, // 171 '«'
	0x20,0x00,0x20,0x00,0x20,0x00,0x20,0x00,0xE0, // 172 '¬'
	0x80,0x00,0x80, // 173 '­'
	0xE0,0x00,0x10,0x01,0xE8,0x02,0x68,0x02,0xC8,0x02,0x10,0x01,0xE0, // 174 '®'
	0x02,0x00,0x02,0x00,0x02,0x00,0x02,0x00,0x02,0x00,0x02, // 175 '¯'
	0x00,0x00,0x38,0x00,0x28,0x00,0x38, // 176 '°'
	0x40,0x02,0x40,0x02,0xF0,0x03,0x40,0x02,0x40,0x02, // 177 '±'
	0x48,0x00,0x68,0x00,0x58, // 178 '²'
	0x48,0x00,0x58,0x00,0x68, // 179 '³'
	0x00,0x00,0x10,0x00,0x08, // 180 '´'
	0x00,0x00,0xE0,0x0F,0x00,0x02,0x00,0x02,0xE0,0x03, // 181 'µ'
	0x70,0x00,0xF8,0x0F,0x08,0x00,0xF8,0x0F,0x08, // 182 '¶'
	0x00,0x00,0x40, // 183 '·'
	0x00,0x00,0x00,0x14,0x00,0x18, // 184 '¸'
	0x00,0x00,0x10,0x00,0x78, // 185 '¹'
	0x30,0x00,0x48,0x00,0x48,0x00,0x30, // 186 'º'
	0x00,0x00,0x40,0x02,0x80,0x01,0x40,0x02,0x80,0x01, // 187 '»'
	0x00,0x00,0x10,0x02,0x78,0x01,0xC0,0x00,0x20,0x01,0x90,0x01,0xC8,0x03,0x00,0x01, // 188 '¼'
	0x00,0x00,0x10,0x02,0x78,0x01,0x80,0x00,0x60,0x00,0x50,0x02,0x48,0x03,0xC0,0x02, // 189 '½'
	0x48,0x00,0x58,0x00,0x68,0x03,0x80,0x00,0x60,0x01,0x90,0x01,0xC8,0x03,0x00,0x01, // 190 '¾'
	0x00,0x00,0x00,0x06,0x00,0x09,0xA0,0x09,0x00,0x04, // 191 '¿'
	0x00,0x02,0xC0,0x01,0xB0,0x00,0x89,0x00,0xB2,0x00,0xC0,0x01,0x00,0x02, // 192 'À'
	0x00,0x02,0xC0,0x01,0xB0,0x00,0x8A,0x00,0xB1,0x00,0xC0,0x01,0x00,0x02, // 193 'Á'
	0x00,0x02,0xC0,0x01,0xB2,0x00,0x89,0x00,0xB2,0x00,0xC0,0x01,0x00,0x02, // 194 'Â'
	0x00,0x02,0xC2,0x01,0xB1,0x00,0x8A,0x00,0xB1,0x00,0xC0,0x01,0x00,0x02, // 195 'Ã'
	0x00,0x02,0xC0,0x01,0xB2,0x00,0x88,0x00,0xB2,0x00,0xC0,0x01,0x00,0x02, // 196 'Ä'
	0x00,0x02,0xC0,0x01,0xBE,0x00,0x8A,0x00,0xBE,0x00,0xC0,0x01,0x00,0x02, // 197 'Å'
	0x00,0x03,0xC0,0x00,0xE0,0x00,0x98,0x00,0x88,0x00,0xF8,0x03,0x48,0x02,0x48,0x02,0x48,0x02, // 198 'Æ'
	0x00,0x00,0xF0,0x01,0x08,0x02,0x08,0x16,0x08,0x1A,0x10,0x01, // 199 'Ç'
	0x00,0x00,0xF8,0x03,0x49,0x02,0x4A,0x02,0x48,0x02,0x48,0x02, // 200 'È'
	0x00,0x00,0xF8,0x03,0x48,0x02,0x4A,0x02,0x49,0x02,0x48,0x02, // 201 'É'
	0x00,0x00,0xFA,0x03,0x49,0x02,0x4A,0x02,0x48,0x02,0x48,0x02, // 202 'Ê'
	0x00,0x00,0xF8,0x03,0x4A,0x02,0x48,0x02,0x4A,0x02,0x48,0x02, // 203 'Ë'
	0x00,0x00,0xF9,0x03,0x02, // 204 'Ì'
	0x02,0x00,0xF9,0x03, // 205 'Í'
	0x01,0x00,0xFA,0x03, // 206 'Î'
	0x02,0x00,0xF8,0x03,0x02, // 207 'Ï'
	0x40,0x00,0xF8,0x03,0x48,0x02,0x48,0x02,0x10,0x01,0xE0, // 208 'Ð'
	0x00,0x00,0xFA,0x03,0x31,0x00,0x42,0x00,0x81,0x01,0xF8,0x03, // 209 'Ñ'
	0x00,0x00,0xF0,0x01,0x08,0x02,0x09,0x02,0x0A,0x02,0x08,0x02,0xF0,0x01, // 210 'Ò'
	0x00,0x00,0xF0,0x01,0x08,0x02,0x0A,0x02,0x09,0x02,0x08,0x02,0xF0,0x01, // 211 'Ó'
	0x00,0x00,0xF0,0x01,0x08,0x02,0x0A,0x02,0x09,0x02,0x0A,0x02,0xF0,0x01, // 212 'Ô'
	0x00,0x00,0xF0,0x01,0x0A,0x02,0x09,0x02,0x0A,0x02,0x09,0x02,0xF0,0x01, // 213 'Õ'
	0x00,0x00,0xF0,0x01,0x0A,0x02,0x08,0x02,0x0A,0x02,0x08,0x02,0xF0,0x01, // 214 'Ö'
	0x10,0x01,0xA0,0x00,0xE0,0x00,0xA0,0x00,0x10,0x01, // 215 '×'
	0x00,0x00,0xF0,0x02,0x08,0x03,0xC8,0x02,0x28,0x02,0x18,0x03,0xE8, // 216 'Ø'
	0x00,0x00,0xF8,0x01,0x01,0x02,0x02,0x02,0x00,0x02,0xF8,0x01, // 217 'Ù'
	0x00,0x00,0xF8,0x01,0x02,0x02,0x01,0x02,0x00,0x02,0xF8,0x01, // 218 'Ú'
	0x00,0x00,0xF8,0x01,0x02,0x02,0x01,0x02,0x02,0x02,0xF8,0x01, // 219 'Û'
	0x00,0x00,0xF8,0x01,0x02,0x02,0x00,0x02,0x02,0x02,0xF8,0x01, // 220 'Ü'
	0x08,0x00,0x10,0x00,0x20,0x00,0xC2,0x03,0x21,0x00,0x10,0x00,0x08, // 221 'Ý'
	0x00,0x00,0xF8,0x03,0x10,0x01,0x10,0x01,0x10,0x01,0xE0, // 222 'Þ'
	0x00,0x00,0xF0,0x03,0x08,0x01,0x48,0x02,0xB0,0x02,0x80,0x01, // 223 'ß'
	0x00,0x00,0x00,0x03,0xA4,0x02,0xA8,0x02,0xE0,0x03, // 224 'à'
	0x00,0x00,0x00,0x03,0xA8,0x02,0xA4,0x02,0xE0,0x03, // 225 'á'
	0x00,0x00,0x00,0x03,0xA8,0x02,0xA4,0x02,0xE8,0x03, // 226 'â'
	0x00,0x00,0x08,0x03,0xA4,0x02,0xA8,0x02,0xE4,0x03, // 227 'ã'
	0x00,0x00,0x00,0x03,0xA8,0x02,0xA0,0x02,0xE8,0x03, // 228 'ä'
	0x00,0x00,0x00,0x03,0xAE,0x02,0xAA,0x02,0xEE,0x03, // 229 'å'
	0x00,0x00,0x40,0x03,0xA0,0x02,0xA0,0x02,0xC0,0x01,0xA0,0x02,0xA0,0x02,0xC0,0x02, // 230 'æ'
	0x00,0x00,0xC0,0x01,0x20,0x16,0x20,0x1A,0x40,0x01, // 231 'ç'
	0x00,0x00,0xC0,0x01,0xA4,0x02,0xA8,0x02,0xC0,0x02, // 232 'è'
	0x00,0x00,0xC0,0x01,0xA8,0x02,0xA4,0x02,0xC0,0x02, // 233 'é'
	0x00,0x00,0xC0,0x01,0xA8,0x02,0xA4,0x02,0xC8,0x02, // 234 'ê'
	0x00,0x00,0xC0,0x01,0xA8,0x02,0xA0,0x02,0xC8,0x02, // 235 'ë'
	0x00,0x00,0xE4,0x03,0x08, // 236 'ì'
	0x08,0x00,0xE4,0x03, // 237 'í'
	0x08,0x00,0xE4,0x03,0x08, // 238 'î'
	0x08,0x00,0xE0,0x03,0x08, // 239 'ï'
	0x00,0x00,0xC0,0x01,0x28,0x02,0x38,0x02,0xE0,0x01, // 240 'ð'
	0x00,0x00,0xE8,0x03,0x24,0x00,0x28,0x00,0xC4,0x03, // 241 'ñ'
	0x00,0x00,0xC0,0x01,0x24,0x02,0x28,0x02,0xC0,0x01, // 242 'ò'
	0x00,0x00,0xC0,0x01,0x28,0x02,0x24,0x02,0xC0,0x01, // 243 'ó'
	0x00,0x00,0xC0,0x01,0x28,0x02,0x24,0x02,0xC8,0x01, // 244 'ô'
	0x00,0x00,0xC8,0x01,0x24,0x02,0x28,0x02,0xC4,0x01, // 245 'õ'
	0x00,0x00,0xC0,0x01,0x28,0x02,0x20,0x02,0xC8,0x01, // 246 'ö'
	0x40,0x00,0x40,0x00,0x50,0x01,0x40,0x00,0x40, // 247 '÷'
	0x00,0x00,0xC0,0x02,0xA0,0x03,0x60,0x02,0xA0,0x01, // 248 'ø'
	0x00,0x00,0xE0,0x01,0x04,0x02,0x08,0x02,0xE0,0x03, // 249 'ù'
	0x00,0x00,0xE0,0x01,0x08,0x02,0x04,0x02,0xE0,0x03, // 250 'ú'
	0x00,0x00,0xE8,0x01,0x04,0x02,0x08,0x02,0xE0,0x03, // 251 'û'
	0x00,0x00,0xE0,0x01,0x08,0x02,0x00,0x02,0xE8,0x03, // 252 'ü'
	0x20,0x00,0xC0,0x09,0x08,0x06,0xC4,0x01,0x20, // 253 'ý'
	0x00,0x00,0xF8,0x0F,0x20,0x02,0x20,0x02,0xC0,0x01, // 254 'þ'
	0x20,0x00,0xC8,0x09,0x00,0x06,0xC8,0x01,0x20, // 255 'ÿ'
};

const uint8_t ArialMT_Plain_16[] PROGMEM = {
	0x10, // Width: 16
	0x13, // Height: 19
	0x20, // First Char: 32
	0xE0, // Number of chars: 224

	// Jump Table:
	0xFF, 0xFF, 0x00, 0x04, // 32 ' ' (blank)
	0x00, 0x00, 0x08, 0x04, // 33 '!'
	0x00, 0x08, 0x0D, 0x06, // 34 '"'
	0x00, 0x15, 0x1A, 0x09, // 35 '#'
	0x00, 0x2F, 0x17, 0x09, // 36 '$'
	0x00, 0x46, 0x26, 0x0E, // 37 '%'
	0x00, 0x6C, 0x1D, 0x0B, // 38 '&'
	0x00, 0x89, 0x04, 0x03, // 39 '''
	0x00, 0x8D, 0x0C, 0x05, // 40 '('
	0x00, 0x99, 0x0B, 0x05, // 41 ')'
	0x00, 0xA4, 0x0D, 0x06, // 42 '*'
	0x00, 0xB1, 0x17, 0x09, // 43 '+'
	0x00, 0xC8, 0x09, 0x04, // 44 ','
	0x00, 0xD1, 0x0B, 0x05, // 45 '-'
	0x00, 0xDC, 0x08, 0x04, // 46 '.'
	0x00, 0xE4, 0x0A, 0x04, // 47 '/'
	0x00, 0xEE, 0x17, 0x09, // 48 '0'
	0x01, 0x05, 0x11, 0x09, // 49 '1'
	0x01, 0x16, 0x17, 0x09, // 50 '2'
	0x01, 0x2D, 0x17, 0x09, // 51 '3'
	0x01, 0x44, 0x17, 0x09, // 52 '4'
	0x01, 0x5B, 0x17, 0x09, // 53 '5'
	0x01, 0x72, 0x17, 0x09, // 54 '6'
	0x01, 0x89, 0x16, 0x09, // 55 '7'
	0x01, 0x9F, 0x17, 0x09, // 56 '8'
	0x01, 0xB6, 0x17, 0x09, // 57 '9'
	0x01, 0xCD, 0x05, 0x04, // 58 ':'
	0x01, 0xD2, 0x06, 0x04, // 59 ';'
	0x01, 0xD8, 0x17, 0x09, // 60 '<'
	0x01, 0xEF, 0x17, 0x09, // 61 '='
	0x02, 0x06, 0x17, 0x09, // 62 '>'
	0x02, 0x1D, 0x16, 0x09, // 63 '?'
	0x02, 0x33, 0x2F, 0x10, // 64 '@'
	0x02, 0x62, 0x1D, 0x0B, // 65 'A'
	0x02, 0x7F, 0x1D, 0x0B, // 66 'B'
	0x02, 0x9C, 0x20, 0x0C, // 67 'C'
	0x02, 0xBC, 0x20, 0x0C, // 68 'D'
	0x02, 0xDC, 0x1D, 0x0B, // 69 'E'
	0x02, 0xF9, 0x19, 0x0A, // 70 'F'
	0x03, 0x12, 0x20, 0x0C, // 71 'G'
	0x03, 0x32, 0x1D, 0x0C, // 72 'H'
	0x03, 0x4F, 0x05, 0x04, // 73 'I'
	0x03, 0x54, 0x14, 0x08, // 74 'J'
	0x03, 0x68, 0x1D, 0x0B, // 75 'K'
	0x03, 0x85, 0x17, 0x09, // 76 'L'
	0x03, 0x9C, 0x23, 0x0D, // 77 'M'
	0x03, 0xBF, 0x1D, 0x0C, // 78 'N'
	0x03, 0xDC, 0x20, 0x0C, // 79 'O'
	0x03, 0xFC, 0x1C, 0x0B, // 80 'P'
	0x04, 0x18, 0x20, 0x0C, // 81 'Q'
	0x04, 0x38, 0x1D, 0x0C, // 82 'R'
	0x04, 0x55, 0x1D, 0x0B, // 83 'S'
	0x04, 0x72, 0x19, 0x0A, // 84 'T'
	0x04, 0x8B, 0x1D, 0x0C, // 85 'U'
	0x04, 0xA8, 0x1C, 0x0B, // 86 'V'
	0x04, 0xC4, 0x2B, 0x0F, // 87 'W'
	0x04, 0xEF, 0x20, 0x0B, // 88 'X'
	0x05, 0x0F, 0x19, 0x0B, // 89 'Y'
	0x05, 0x28, 0x1A, 0x0A, // 90 'Z'
	0x05, 0x42, 0x0C, 0x04, // 91 '['
	0x05, 0x4E, 0x0B, 0x04, // 92 '\'
	0x05, 0x59, 0x09, 0x04, // 93 ']'
	0x05, 0x62, 0x14, 0x08, // 94 '^'
	0x05, 0x76, 0x1B, 0x09, // 95 '_'
	0x05, 0x91, 0x07, 0x05, // 96 '`'
	0x05, 0x98, 0x17, 0x09, // 97 'a'
	0x05, 0xAF, 0x17, 0x09, // 98 'b'
	0x05, 0xC6, 0x14, 0x08, // 99 'c'
	0x05, 0xDA, 0x17, 0x09, // 100 'd'
	0x05, 0xF1, 0x17, 0x09, // 101 'e'
	0x06, 0x08, 0x0A, 0x04, // 102 'f'
	0x06, 0x12, 0x17, 0x09, // 103 'g'
	0x06, 0x29, 0x14, 0x09, // 104 'h'
	0x06, 0x3D, 0x05, 0x04, // 105 'i'
	0x06, 0x42, 0x06, 0x04, // 106 'j'
	0x06, 0x48, 0x17, 0x08, // 107 'k'
	0x06, 0x5F, 0x05, 0x04, // 108 'l'
	0x06, 0x64, 0x23, 0x0D, // 109 'm'
	0x06, 0x87, 0x14, 0x09, // 110 'n'
	0x06, 0x9B, 0x17, 0x09, // 111 'o'
	0x06, 0xB2, 0x17, 0x09, // 112 'p'
	0x06, 0xC9, 0x18, 0x09, // 113 'q'
	0x06, 0xE1, 0x0D, 0x05, // 114 'r'
	0x06, 0xEE, 0x14, 0x08, // 115 's'
	0x07, 0x02, 0x0B, 0x04, // 116 't'
	0x07, 0x0D, 0x14, 0x09, // 117 'u'
	0x07, 0x21, 0x13, 0x08, // 118 'v'
	0x07, 0x34, 0x1F, 0x0C, // 119 'w'
	0x07, 0x53, 0x14, 0x08, // 120 'x'
	0x07, 0x67, 0x13, 0x08, // 121 'y'
	0x07, 0x7A, 0x14, 0x08, // 122 'z'
	0x07, 0x8E, 0x0F, 0x05, // 123 '{'
	0x07, 0x9D, 0x06, 0x04, // 124 '|'
	0x07, 0xA3, 0x0E, 0x05, // 125 '}'
	0x07, 0xB1, 0x17, 0x09, // 126 '~'
	0xFF, 0xFF, 0x00, 0x00, // 127 '' (blank)
	0x07, 0xC8, 0x0E, 0x05, // 128 ''
	0x07, 0xD6, 0x20, 0x0B, // 129 ''
	0x07, 0xF6, 0x20, 0x0B, // 130 ''
	0x08, 0x16, 0x20, 0x0B, // 131 ''
	0x08, 0x36, 0x20, 0x0B, // 132 ''
	0x08, 0x56, 0x20, 0x0B, // 133 ''
	0x08, 0x76, 0x20, 0x0B, // 134 ''
	0x08, 0x96, 0x20, 0x0B, // 135 ''
	0x08, 0xB6, 0x20, 0x0B, // 136 ''
	0x08, 0xD6, 0x20, 0x0B, // 137 ''
	0x08, 0xF6, 0x20, 0x0B, // 138 ''
	0x09, 0x16, 0x20, 0x0B, // 139 ''
	0x09, 0x36, 0x20, 0x0B, // 140 ''
	0x09, 0x56, 0x20, 0x0B, // 141 ''
	0x09, 0x76, 0x26, 0x0D, // 142 ''
	0x09, 0x9C, 0x1D, 0x0A, // 143 ''
	0x09, 0xB9, 0x26, 0x0D, // 144 ''
	0x09, 0xDF, 0x23, 0x0C, // 145 ''
	0x0A, 0x02, 0x19, 0x09, // 146 ''
	0x0A, 0x1B, 0x29, 0x0E, // 147 ''
	0x0A, 0x44, 0x23, 0x0C, // 148 ''
	0x0A, 0x67, 0x29, 0x10, // 149 ''
	0x0A, 0x90, 0x1A, 0x09, // 150 ''
	0x0A, 0xAA, 0x23, 0x0C, // 151 ''
	0x0A, 0xCD, 0x1A, 0x09, // 152 ''
	0x0A, 0xE7, 0x20, 0x0B, // 153 ''
	0x0B, 0x07, 0x1C, 0x0A, // 154 ''
	0x0B, 0x23, 0x23, 0x0C, // 155 ''
	0x0B, 0x46, 0x25, 0x0D, // 156 ''
	0x0B, 0x6B, 0x20, 0x0B, // 157 ''
	0xFF, 0xFF, 0x00, 0x10, // 158 '' (blank)
	0xFF, 0xFF, 0x00, 0x10, // 159 '' (blank)
	0xFF, 0xFF, 0x00, 0x04, // 160 ' ' (blank)
	0x0B, 0x8B, 0x09, 0x05, // 161 '¡'
	0x0B, 0x94, 0x17, 0x09, // 162 '¢'
	0x0B, 0xAB, 0x17, 0x09, // 163 '£'
	0x0B, 0xC2, 0x14, 0x09, // 164 '¤'
	0x0B, 0xD6, 0x1A, 0x09, // 165 '¥'
	0x0B, 0xF0, 0x06, 0x04, // 166 '¦'
	0x0B, 0xF6, 0x17, 0x09, // 167 '§'
	0x0C, 0x0D, 0x07, 0x05, // 168 '¨'
	0x0C, 0x14, 0x23, 0x0C, // 169 '©'
	0x0C, 0x37, 0x0E, 0x06, // 170 'ª'
	0x0C, 0x45, 0x14, 0x09, // 171 '«'
	0x0C, 0x59, 0x17, 0x09, // 172 '¬'
	0x0C, 0x70, 0x0B, 0x05, // 173 '­'
	0x0C, 0x7B, 0x23, 0x0C, // 174 '®'
	0x0C, 0x9E, 0x19, 0x09, // 175 '¯'
	0x0C, 0xB7, 0x0D, 0x06, // 176 '°'
	0x0C, 0xC4, 0x17, 0x09, // 177 '±'
	0x0C, 0xDB, 0x0E, 0x05, // 178 '²'
	0x0C, 0xE9, 0x0D, 0x05, // 179 '³'
	0x0C, 0xF6, 0x0A, 0x05, // 180 '´'
	0x0D, 0x00, 0x17, 0x09, // 181 'µ'
	0x0D, 0x17, 0x19, 0x09, // 182 '¶'
	0x0D, 0x30, 0x08, 0x05, // 183 '·'
	0x0D, 0x38, 0x0C, 0x05, // 184 '¸'
	0x0D, 0x44, 0x0B, 0x05, // 185 '¹'
	0x0D, 0x4F, 0x0D, 0x06, // 186 'º'
	0x0D, 0x5C, 0x17, 0x09, // 187 '»'
	0x0D, 0x73, 0x26, 0x0D, // 188 '¼'
	0x0D, 0x99, 0x26, 0x0D, // 189 '½'
	0x0D, 0xBF, 0x26, 0x0D, // 190 '¾'
	0x0D, 0xE5, 0x1A, 0x0A, // 191 '¿'
	0x0D, 0xFF, 0x1D, 0x0B, // 192 'À'
	0x0E, 0x1C, 0x1D, 0x0B, // 193 'Á'
	0x0E, 0x39, 0x1D, 0x0B, // 194 'Â'
	0x0E, 0x56, 0x1D, 0x0B, // 195 'Ã'
	0x0E, 0x73, 0x1D, 0x0B, // 196 'Ä'
	0x0E, 0x90, 0x1D, 0x0B, // 197 'Å'
	0x0E, 0xAD, 0x2C, 0x10, // 198 'Æ'
	0x0E, 0xD9, 0x20, 0x0C, // 199 'Ç'
	0x0E, 0xF9, 0x1D, 0x0B, // 200 'È'
	0x0F, 0x16, 0x1D, 0x0B, // 201 'É'
	0x0F, 0x33, 0x1D, 0x0B, // 202 'Ê'
	0x0F, 0x50, 0x1D, 0x0B, // 203 'Ë'
	0x0F, 0x6D, 0x05, 0x04, // 204 'Ì'
	0x0F, 0x72, 0x07, 0x04, // 205 'Í'
	0x0F, 0x79, 0x0A, 0x04, // 206 'Î'
	0x0F, 0x83, 0x07, 0x04, // 207 'Ï'
	0x0F, 0x8A, 0x20, 0x0C, // 208 'Ð'
	0x0F, 0xAA, 0x1D, 0x0C, // 209 'Ñ'
	0x0F, 0xC7, 0x20, 0x0C, // 210 'Ò'
	0x0F, 0xE7, 0x20, 0x0C, // 211 'Ó'
	0x10, 0x07, 0x20, 0x0C, // 212 'Ô'
	0x10, 0x27, 0x20, 0x0C, // 213 'Õ'
	0x10, 0x47, 0x20, 0x0C, // 214 'Ö'
	0x10, 0x67, 0x17, 0x09, // 215 '×'
	0x10, 0x7E, 0x20, 0x0C, // 216 'Ø'
	0x10, 0x9E, 0x1D, 0x0C, // 217 'Ù'
	0x10, 0xBB, 0x1D, 0x0C, // 218 'Ú'
	0x10, 0xD8, 0x1D, 0x0C, // 219 'Û'
	0x10, 0xF5, 0x1D, 0x0C, // 220 'Ü'
	0x11, 0x12, 0x19, 0x0B, // 221 'Ý'
	0x11, 0x2B, 0x1D, 0x0B, // 222 'Þ'
	0x11, 0x48, 0x17, 0x0A, // 223 'ß'
	0x11, 0x5F, 0x17, 0x09, // 224 'à'
	0x11, 0x76, 0x17, 0x09, // 225 'á'
	0x11, 0x8D, 0x17, 0x09, // 226 'â'
	0x11, 0xA4, 0x17, 0x09, // 227 'ã'
	0x11, 0xBB, 0x17, 0x09, // 228 'ä'
	0x11, 0xD2, 0x17, 0x09, // 229 'å'
	0x11, 0xE9, 0x29, 0x0E, // 230 'æ'
	0x12, 0x12, 0x14, 0x08, // 231 'ç'
	0x12, 0x26, 0x17, 0x09, // 232 'è'
	0x12, 0x3D, 0x17, 0x09, // 233 'é'
	0x12, 0x54, 0x17, 0x09, // 234 'ê'
	0x12, 0x6B, 0x17, 0x09, // 235 'ë'
	0x12, 0x82, 0x05, 0x04, // 236 'ì'
	0x12, 0x87, 0x07, 0x04, // 237 'í'
	0x12, 0x8E, 0x0A, 0x04, // 238 'î'
	0x12, 0x98, 0x07, 0x04, // 239 'ï'
	0x12, 0x9F, 0x17, 0x09, // 240 'ð'
	0x12, 0xB6, 0x14, 0x09, // 241 'ñ'
	0x12, 0xCA, 0x17, 0x09, // 242 'ò'
	0x12, 0xE1, 0x17, 0x09, // 243 'ó'
	0x12, 0xF8, 0x17, 0x09, // 244 'ô'
	0x13, 0x0F, 0x17, 0x09, // 245 'õ'
	0x13, 0x26, 0x17, 0x09, // 246 'ö'
	0x13, 0x3D, 0x17, 0x09, // 247 '÷'
	0x13, 0x54, 0x17, 0x0A, // 248 'ø'
	0x13, 0x6B, 0x14, 0x09, // 249 'ù'
	0x13, 0x7F, 0x14, 0x09, // 250 'ú'
	0x13, 0x93, 0x14, 0x09, // 251 'û'
	0x13, 0xA7, 0x14, 0x09, // 252 'ü'
	0x13, 0xBB, 0x13, 0x08, // 253 'ý'
	0x13, 0xCE, 0x17, 0x09, // 254 'þ'
	0x13, 0xE5, 0x13, 0x08, // 255 'ÿ'

	// Font Data:
	0x00,0x00,0x00,0x00,0x00,0x00,0xF8,0x5F, // 33 '!'
	0x00,0x00,0x00,0x78,0x00,0x00,0x00,0x00,0x00,0x00,0x00,0x00,0x78, // 34 '"'
	0x80,0x08,0x00,0x80,0x78,0x00,0xC0,0x0F,0x00,0xB8,0x08,0x00,0x80,0x08,0x00,0x80,0x78,0x00,0xC0,0x0F,0x00,0xB8,0x08,0x00,0x80,0x08, // 35 '#'
	0x00,0x00,0x00,0xE0,0x10,0x00,0x10,0x21,0x00,0x08,0x41,0x00,0xFC,0xFF,0x00,0x08,0x42,0x00,0x10,0x22,0x00,0x20,0x1C, // 36 '$'
	0x00,0x00,0x00,0xF0,0x00,0x00,0x08,0x01,0x00,0x08,0x01,0x00,0x08,0x61,0x00,0xF0,0x18,0x00,0x00,0x06,0x00,0xC0,0x01,0x00,0x30,0x3C,0x00,0x08,0x42,0x00,0x00,0x42,0x00,0x00,0x42,0x00,0x00,0x3C, // 37 '%'
	0x00,0x00,0x00,0x00,0x1C,0x00,0x70,0x22,0x00,0x88,0x41,0x00,0x08,0x43,0x00,0x88,0x44,0x00,0x70,0x28,0x00,0x00,0x10,0x00,0x00,0x28,0x00,0x00,0x44, // 38 '&'
	0x00,0x00,0x00,0x78, // 39 '''
	0x00,0x00,0x00,0x80,0x3F,0x00,0x70,0xC0,0x01,0x08,0x00,0x02, // 40 '('
	0x00,0x00,0x00,0x08,0x00,0x02,0x70,0xC0,0x01,0x80,0x3F, // 41 ')'
	0x10,0x00,0x00,0xD0,0x00,0x00,0x38,0x00,0x00,0xD0,0x00,0x00,0x10, // 42 '*'
	0x00,0x00,0x00,0x00,0x02,0x00,0x00,0x02,0x00,0x00,0x02,0x00,0xC0,0x1F,0x00,0x00,0x02,0x00,0x00,0x02,0x00,0x00,0x02, // 43 '+'
	0x00,0x00,0x00,0x00,0x00,0x00,0x00,0xC0,0x01, // 44 ','
	0x00,0x08,0x00,0x00,0x08,0x00,0x00,0x08,0x00,0x00,0x08, // 45 '-'
	0x00,0x00,0x00,0x00,0x00,0x00,0x00,0x40, // 46 '.'
	0x00,0x60,0x00,0x00,0x1E,0x00,0xE0,0x01,0x00,0x18, // 47 '/'
	0x00,0x00,0x00,0xE0,0x1F,0x00,0x10,0x20,0x00,0x08,0x40,0x00,0x08,0x40,0x00,0x08,0x40,0x00,0x10,0x20,0x00,0xE0,0x1F, // 48 '0'
	0x00,0x00,0x00,0x00,0x00,0x00,0x40,0x00,0x00,0x20,0x00,0x00,0x10,0x00,0x00,0xF8,0x7F, // 49 '1'
	0x00,0x00,0x00,0x20,0x40,0x00,0x10,0x60,0x00,0x08,0x50,0x00,0x08,0x48,0x00,0x08,0x44,0x00,0x10,0x43,0x00,0xE0,0x40, // 50 '2'
	0x00,0x00,0x00,0x20,0x10,0x00,0x10,0x20,0x00,0x08,0x41,0x00,0x08,0x41,0x00,0x88,0x41,0x00,0xF0,0x22,0x00,0x00,0x1C, // 51 '3'
	0x00,0x0C,0x00,0x00,0x0A,0x00,0x00,0x09,0x00,0xC0,0x08,0x00,0x20,0x08,0x00,0x10,0x08,0x00,0xF8,0x7F,0x00,0x00,0x08, // 52 '4'
	0x00,0x00,0x00,0xC0,0x11,0x00,0xB8,0x20,0x00,0x88,0x40,0x00,0x88,0x40,0x00,0x88,0x40,0x00,0x08,0x21,0x00,0x08,0x1E, // 53 '5'
	0x00,0x00,0x00,0xE0,0x1F,0x00,0x10,0x21,0x00,0x88,0x40,0x00,0x88,0x40,0x00,0x88,0x40,0x00,0x10,0x21,0x00,0x20,0x1E, // 54 '6'
	0x00,0x00,0x00,0x08,0x00,0x00,0x08,0x00,0x00,0x08,0x78,0x00,0x08,0x07,0x00,0xC8,0x00,0x00,0x28,0x00,0x00,0x18, // 55 '7'
	0x00,0x00,0x00,0x60,0x1C,0x00,0x90,0x22,0x00,0x08,0x41,0x00,0x08,0x41,0x00,0x08,0x41,0x00,0x90,0x22,0x00,0x60,0x1C, // 56 '8'
	0x00,0x00,0x00,0xE0,0x11,0x00,0x10,0x22,0x00,0x08,0x44,0x00,0x08,0x44,0x00,0x08,0x44,0x00,0x10,0x22,0x00,0xE0,0x1F, // 57 '9'
	0x00,0x00,0x00,0x40,0x40, // 58 ':'
	0x00,0x00,0x00,0x40,0xC0,0x01, // 59 ';'
	0x00,0x00,0x00,0x00,0x02,0x00,0x00,0x05,0x00,0x00,0x05,0x00,0x80,0x08,0x00,0x80,0x08,0x00,0x80,0x08,0x00,0x40,0x10, // 60 '<'
	0x00,0x00,0x00,0x80,0x08,0x00,0x80,0x08,0x00,0x80,0x08,0x00,0x80,0x08,0x00,0x80,0x08,0x00,0x80,0x08,0x00,0x80,0x08, // 61 '='
	0x00,0x00,0x00,0x40,0x10,0x00,0x80,0x08,0x00,0x80,0x08,0x00,0x80,0x08,0x00,0x00,0x05,0x00,0x00,0x05,0x00,0x00,0x02, // 62 '>'
	0x00,0x00,0x00,0x60,0x00,0x00,0x10,0x00,0x00,0x08,0x00,0x00,0x08,0x5C,0x00,0x08,0x02,0x00,0x10,0x01,0x00,0xE0, // 63 '?'
	0x00,0x00,0x00,0x00,0x3F,0x00,0xC0,0x40,0x00,0x20,0x80,0x00,0x10,0x1E,0x01,0x10,0x21,0x01,0x88,0x40,0x02,0x48,0x40,0x02,0x48,0x40,0x02,0x48,0x20,0x02,0x88,0x7C,0x02,0xC8,0x43,0x02,0x10,0x40,0x02,0x10,0x20,0x01,0x60,0x10,0x01,0x80,0x8F, // 64 '@'
	0x00,0x00,0x00,0x00,0x60,0x00,0x00,0x1C,0x00,0x80,0x07,0x00,0x70,0x04,0x00,0x08,0x04,0x00,0x70,0x04,0x00,0x80,0x07,0x00,0x00,0x1C,0x00,0x00,0x60, // 65 'A'
	0x00,0x00,0x00,0xF8,0x7F,0x00,0x08,0x41,0x00,0x08,0x41,0x00,0x08,0x41,0x00,0x08,0x41,0x00,0x08,0x41,0x00,0x08,0x41,0x00,0x90,0x22,0x00,0x60,0x1C, // 66 'B'
	0x00,0x00,0x00,0xC0,0x0F,0x00,0x20,0x10,0x00,0x10,0x20,0x00,0x08,0x40,0x00,0x08,0x40,0x00,0x08,0x40,0x00,0x08,0x40,0x00,0x08,0x40,0x00,0x10,0x20,0x00,0x20,0x10, // 67 'C'
	0x00,0x00,0x00,0xF8,0x7F,0x00,0x08,0x40,0x00,0x08,0x40,0x00,0x08,0x40,0x00,0x08,0x40,0x00,0x08,0x40,0x00,0x08,0x40,0x00,0x10,0x20,0x00,0x20,0x10,0x00,0xC0,0x0F, // 68 'D'
	0x00,0x00,0x00,0xF8,0x7F,0x00,0x08,0x41,0x00,0x08,0x41,0x00,0x08,0x41,0x00,0x08,0x41,0x00,0x08,0x41,0x00,0x08,0x41,0x00,0x08,0x41,0x00,0x08,0x40, // 69 'E'
	0x00,0x00,0x00,0xF8,0x7F,0x00,0x08,0x02,0x00,0x08,0x02,0x00,0x08,0x02,0x00,0x08,0x02,0x00,0x08,0x02,0x00,0x08,0x02,0x00,0x08, // 70 'F'
	0x00,0x00,0x00,0xC0,0x0F,0x00,0x20,0x10,0x00,0x10,0x20,0x00,0x08,0x40,0x00,0x08,0x40,0x00,0x08,0x42,0x00,0x08,0x42,0x00,0x10,0x22,0x00,0x20,0x12,0x00,0x00,0x0E, // 71 'G'
	0x00,0x00,0x00,0xF8,0x7F,0x00,0x00,0x01,0x00,0x00,0x01,0x00,0x00,0x01,0x00,0x00,0x01,0x00,0x00,0x01,0x00,0x00,0x01,0x00,0x00,0x01,0x00,0xF8,0x7F, // 72 'H'
	0x00,0x00,0x00,0xF8,0x7F, // 73 'I'
	0x00,0x00,0x00,0x00,0x38,0x00,0x00,0x40,0x00,0x00,0x40,0x00,0x00,0x40,0x00,0x00,0x40,0x00,0xF8,0x3F, // 74 'J'
	0x00,0x00,0x00,0xF8,0x7F,0x00,0x00,0x04,0x00,0x00,0x02,0x00,0x00,0x01,0x00,0x80,0x03,0x00,0x40,0x04,0x00,0x20,0x18,0x00,0x10,0x20,0x00,0x08,0x40, // 75 'K'
	0x00,0x00,0x00,0xF8,0x7F,0x00,0x00,0x40,0x00,0x00,0x40,0x00,0x00,0x40,0x00,0x00,0x40,0x00,0x00,0x40,0x00,0x00,0x40, // 76 'L'
	0x00,0x00,0x00,0xF8,0x7F,0x00,0x30,0x00,0x00,0xC0,0x00,0x00,0x00,0x03,0x00,0x00,0x1C,0x00,0x00,0x60,0x00,0x00,0x1C,0x00,0x00,0x03,0x00,0xC0,0x00,0x00,0x30,0x00,0x00,0xF8,0x7F, // 77 'M'
	0x00,0x00,0x00,0xF8,0x7F,0x00,0x10,0x00,0x00,0x60,0x00,0x00,0x80,0x00,0x00,0x00,0x03,0x00,0x00,0x04,0x00,0x00,0x18,0x00,0x00,0x20,0x00,0xF8,0x7F, // 78 'N'
	0x00,0x00,0x00,0xC0,0x0F,0x00,0x20,0x10,0x00,0x10,0x20,0x00,0x08,0x40,0x00,0x08,0x40,0x00,0x08,0x40,0x00,0x08,0x40,0x00,0x10,0x20,0x00,0x20,0x10,0x00,0xC0,0x0F, // 79 'O'
	0x00,0x00,0x00,0xF8,0x7F,0x00,0x08,0x02,0x00,0x08,0x02,0x00,0x08,0x02,0x00,0x08,0x02,0x00,0x08,0x02,0x00,0x08,0x02,0x00,0x10,0x01,0x00,0xE0, // 80 'P'
	0x00,0x00,0x00,0xC0,0x0F,0x00,0x20,0x10,0x00,0x10,0x20,0x00,0x08,0x40,0x00,0x08,0x40,0x00,0x08,0x50,0x00,0x08,0x50,0x00,0x10,0x20,0x00,0x20,0x70,0x00,0xC0,0x4F, // 81 'Q'
	0x00,0x00,0x00,0xF8,0x7F,0x00,0x08,0x02,0x00,0x08,0x02,0x00,0x08,0x02,0x00,0x08,0x02,0x00,0x08,0x06,0x00,0x08,0x1A,0x00,0x10,0x21,0x00,0xE0,0x40, // 82 'R'
	0x00,0x00,0x00,0x60,0x10,0x00,0x90,0x20,0x00,0x08,0x41,0x00,0x08,0x41,0x00,0x08,0x41,0x00,0x08,0x42,0x00,0x08,0x42,0x00,0x10,0x22,0x00,0x20,0x1C, // 83 'S'
	0x08,0x00,0x00,0x08,0x00,0x00,0x08,0x00,0x00,0x08,0x00,0x00,0xF8,0x7F,0x00,0x08,0x00,0x00,0x08,0x00,0x00,0x08,0x00,0x00,0x08, // 84 'T'
	0x00,0x00,0x00,0xF8,0x1F,0x00,0x00,0x20,0x00,0x00,0x40,0x00,0x00,0x40,0x00,0x00,0x40,0x00,0x00,0x40,0x00,0x00,0x40,0x00,0x00,0x20,0x00,0xF8,0x1F, // 85 'U'
	0x00,0x00,0x00,0x18,0x00,0x00,0xE0,0x00,0x00,0x00,0x07,0x00,0x00,0x18,0x00,0x00,0x60,0x00,0x00,0x18,0x00,0x00,0x07,0x00,0xE0,0x00,0x00,0x18, // 86 'V'
	0x18,0x00,0x00,0xE0,0x01,0x00,0x00,0x1E,0x00,0x00,0x60,0x00,0x00,0x1C,0x00,0x80,0x03,0x00,0x70,0x00,0x00,0x08,0x00,0x00,0x70,0x00,0x00,0x80,0x03,0x00,0x00,0x1C,0x00,0x00,0x60,0x00,0x00,0x1E,0x00,0xE0,0x01,0x00,0x18, // 87 'W'
	0x00,0x40,0x00,0x08,0x20,0x00,0x10,0x10,0x00,0x60,0x0C,0x00,0x80,0x02,0x00,0x00,0x01,0x00,0x80,0x02,0x00,0x60,0x0C,0x00,0x10,0x10,0x00,0x08,0x20,0x00,0x00,0x40, // 88 'X'
	0x08,0x00,0x00,0x30,0x00,0x00,0x40,0x00,0x00,0x80,0x01,0x00,0x00,0x7E,0x00,0x80,0x01,0x00,0x40,0x00,0x00,0x30,0x00,0x00,0x08, // 89 'Y'
	0x00,0x40,0x00,0x08,0x60,0x00,0x08,0x58,0x00,0x08,0x44,0x00,0x08,0x43,0x00,0x88,0x40,0x00,0x68,0x40,0x00,0x18,0x40,0x00,0x08,0x40, // 90 'Z'
	0x00,0x00,0x00,0xF8,0xFF,0x03,0x08,0x00,0x02,0x08,0x00,0x02, // 91 '['
	0x18,0x00,0x00,0xE0,0x01,0x00,0x00,0x1E,0x00,0x00,0x60, // 92 '\'
	0x08,0x00,0x02,0x08,0x00,0x02,0xF8,0xFF,0x03, // 93 ']'
	0x00,0x01,0x00,0xC0,0x00,0x00,0x30,0x00,0x00,0x08,0x00,0x00,0x30,0x00,0x00,0xC0,0x00,0x00,0x00,0x01, // 94 '^'
	0x00,0x00,0x02,0x00,0x00,0x02,0x00,0x00,0x02,0x00,0x00,0x02,0x00,0x00,0x02,0x00,0x00,0x02,0x00,0x00,0x02,0x00,0x00,0x02,0x00,0x00,0x02, // 95 '_'
	0x00,0x00,0x00,0x08,0x00,0x00,0x10, // 96 '`'
	0x00,0x00,0x00,0x00,0x39,0x00,0x80,0x44,0x00,0x40,0x44,0x00,0x40,0x44,0x00,0x40,0x42,0x00,0x40,0x22,0x00,0x80,0x7F, // 97 'a'
	0x00,0x00,0x00,0xF8,0x7F,0x00,0x80,0x20,0x00,0x40,0x40,0x00,0x40,0x40,0x00,0x40,0x40,0x00,0x80,0x20,0x00,0x00,0x1F, // 98 'b'
	0x00,0x00,0x00,0x00,0x1F,0x00,0x80,0x20,0x00,0x40,0x40,0x00,0x40,0x40,0x00,0x40,0x40,0x00,0x80,0x20, // 99 'c'
	0x00,0x00,0x00,0x00,0x1F,0x00,0x80,0x20,0x00,0x40,0x40,0x00,0x40,0x40,0x00,0x40,0x40,0x00,0x80,0x20,0x00,0xF8,0x7F, // 100 'd'
	0x00,0x00,0x00,0x00,0x1F,0x00,0x80,0x24,0x00,0x40,0x44,0x00,0x40,0x44,0x00,0x40,0x44,0x00,0x80,0x24,0x00,0x00,0x17, // 101 'e'
	0x40,0x00,0x00,0xF0,0x7F,0x00,0x48,0x00,0x00,0x48, // 102 'f'
	0x00,0x00,0x00,0x00,0x1F,0x01,0x80,0x20,0x02,0x40,0x40,0x02,0x40,0x40,0x02,0x40,0x40,0x02,0x80,0x20,0x01,0xC0,0xFF, // 103 'g'
	0x00,0x00,0x00,0xF8,0x7F,0x00,0x80,0x00,0x00,0x40,0x00,0x00,0x40,0x00,0x00,0x40,0x00,0x00,0x80,0x7F, // 104 'h'
	0x00,0x00,0x00,0xC8,0x7F, // 105 'i'
	0x00,0x00,0x02,0xC8,0xFF,0x01, // 106 'j'
	0x00,0x00,0x00,0xF8,0x7F,0x00,0x00,0x08,0x00,0x00,0x04,0x00,0x00,0x06,0x00,0x00,0x19,0x00,0x80,0x20,0x00,0x40,0x40, // 107 'k'
	0x00,0x00,0x00,0xF8,0x7F, // 108 'l'
	0x00,0x00,0x00,0xC0,0x7F,0x00,0x80,0x00,0x00,0x40,0x00,0x00,0x40,0x00,0x00,0x40,0x00,0x00,0x80,0x7F,0x00,0x80,0x00,0x00,0x40,0x00,0x00,0x40,0x00,0x00,0x40,0x00,0x00,0x80,0x7F, // 109 'm'
	0x00,0x00,0x00,0xC0,0x7F,0x00,0x80,0x00,0x00,0x40,0x00,0x00,0x40,0x00,0x00,0x40,0x00,0x00,0x80,0x7F, // 110 'n'
	0x00,0x00,0x00,0x00,0x1F,0x00,0x80,0x20,0x00,0x40,0x40,0x00,0x40,0x40,0x00,0x40,0x40,0x00,0x80,0x20,0x00,0x00,0x1F, // 111 'o'
	0x00,0x00,0x00,0xC0,0xFF,0x03,0x80,0x20,0x00,0x40,0x40,0x00,0x40,0x40,0x00,0x40,0x40,0x00,0x80,0x20,0x00,0x00,0x1F, // 112 'p'
	0x00,0x00,0x00,0x00,0x1F,0x00,0x80,0x20,0x00,0x40,0x40,0x00,0x40,0x40,0x00,0x40,0x40,0x00,0x80,0x20,0x00,0xC0,0xFF,0x03, // 113 'q'
	0x00,0x00,0x00,0xC0,0x7F,0x00,0x80,0x00,0x00,0x40,0x00,0x00,0x40, // 114 'r'
	0x00,0x00,0x00,0x80,0x23,0x00,0x40,0x44,0x00,0x40,0x44,0x00,0x40,0x44,0x00,0x40,0x44,0x00,0x80,0x38, // 115 's'
	0x40,0x00,0x00,0xF0,0x7F,0x00,0x40,0x40,0x00,0x40,0x40, // 116 't'
	0x00,0x00,0x00,0xC0,0x3F,0x00,0x00,0x40,0x00,0x00,0x40,0x00,0x00,0x40,0x00,0x00,0x20,0x00,0xC0,0x7F, // 117 'u'
	0xC0,0x00,0x00,0x00,0x03,0x00,0x00,0x1C,0x00,0x00,0x60,0x00,0x00,0x1C,0x00,0x00,0x03,0x00,0xC0, // 118 'v'
	0xC0,0x00,0x00,0x00,0x1F,0x00,0x00,0x60,0x00,0x00,0x1C,0x00,0x00,0x03,0x00,0xC0,0x00,0x00,0x00,0x03,0x00,0x00,0x1C,0x00,0x00,0x60,0x00,0x00,0x1F,0x00,0xC0, // 119 'w'
	0x40,0x40,0x00,0x80,0x20,0x00,0x00,0x1B,0x00,0x00,0x04,0x00,0x00,0x1B,0x00,0x80,0x20,0x00,0x40,0x40, // 120 'x'
	0xC0,0x01,0x00,0x00,0x06,0x02,0x00,0x38,0x02,0x00,0xE0,0x01,0x00,0x38,0x00,0x00,0x07,0x00,0xC0, // 121 'y'
	0x40,0x40,0x00,0x40,0x60,0x00,0x40,0x58,0x00,0x40,0x44,0x00,0x40,0x43,0x00,0xC0,0x40,0x00,0x40,0x40, // 122 'z'
	0x00,0x04,0x00,0x00,0x04,0x00,0xF0,0xFB,0x01,0x08,0x00,0x02,0x08,0x00,0x02, // 123 '{'
	0x00,0x00,0x00,0xF8,0xFF,0x03, // 124 '|'
	0x08,0x00,0x02,0x08,0x00,0x02,0xF0,0xFB,0x01,0x00,0x04,0x00,0x00,0x04, // 125 '}'
	0x00,0x02,0x00,0x00,0x01,0x00,0x00,0x01,0x00,0x00,0x01,0x00,0x00,0x02,0x00,0x00,0x02,0x00,0x00,0x02,0x00,0x00,0x01, // 126 '~'
	0x80,0x1F,0x00,0xC0,0x3E,0x00,0x40,0x2B,0x00,0xC0,0x3C,0x00,0x80,0x1F, // 128 ''
	0xE0,0x0F,0x00,0x10,0x10,0x00,0x08,0x20,0x00,0xC4,0x44,0x00,0x04,0x48,0x00,0x04,0x48,0x00,0x04,0x48,0x00,0xC4,0x44,0x00,0x08,0x20,0x00,0x10,0x10,0x00,0xE0,0x0F, // 129 ''
	0xE0,0x0F,0x00,0x10,0x10,0x00,0x08,0x20,0x00,0xA4,0x4E,0x00,0x44,0x5A,0x00,0x04,0x5A,0x00,0x44,0x5A,0x00,0xA4,0x4E,0x00,0x08,0x20,0x00,0x10,0x10,0x00,0xE0,0x0F, // 130 ''
	0xC0,0x03,0x00,0x60,0x07,0x00,0xA0,0x0F,0x00,0xE0,0x1F,0x00,0xC0,0x3F,0x00,0x80,0x7F,0x00,0xC0,0x3F,0x00,0xE0,0x1F,0x00,0xE0,0x0F,0x00,0xE0,0x07,0x00,0xC0,0x03, // 131 ''
	0xE0,0x0F,0x00,0x10,0x10,0x00,0x08,0x20,0x00,0xC4,0x48,0x00,0x04,0x44,0x00,0x04,0x44,0x00,0x04,0x44,0x00,0xC4,0x48,0x00,0x08,0x20,0x00,0x10,0x10,0x00,0xE0,0x0F, // 132 ''
	0xE0,0x0F,0x00,0x10,0x10,0x00,0x28,0x20,0x00,0xA4,0x41,0x00,0x44,0x4C,0x00,0x04,0x4C,0x00,0x44,0x4C,0x00,0xA4,0x41,0x00,0x28,0x20,0x00,0x10,0x10,0x00,0xE0,0x0F, // 133 ''
	0xE0,0x0F,0x00,0x10,0x10,0x00,0x08,0x20,0x00,0xC4,0x40,0x00,0x04,0x5C,0x00,0x04,0x5C,0x00,0x04,0x5C,0x00,0xC4,0x40,0x00,0x08,0x20,0x00,0x10,0x10,0x00,0xE0,0x0F, // 134 ''
	0xE0,0x0F,0x00,0x10,0x10,0x00,0x88,0x20,0x00,0x44,0x49,0x00,0x84,0x48,0x00,0x24,0x44,0x00,0x54,0x44,0x00,0x24,0x42,0x00,0x08,0x22,0x00,0x10,0x10,0x00,0xE0,0x0F, // 135 ''
	0xE0,0x0F,0x00,0x10,0x10,0x00,0x48,0x20,0x00,0xC4,0x41,0x00,0x44,0x48,0x00,0x04,0x48,0x00,0x24,0x48,0x00,0xA4,0x41,0x00,0x28,0x20,0x00,0x10,0x10,0x00,0xE0,0x0F, // 136 ''
	0xE0,0x0E,0x00,0xF0,0x11,0x00,0xA8,0x21,0x00,0xE4,0x45,0x00,0xE4,0x4C,0x00,0x64,0x4C,0x00,0xE4,0x4C,0x00,0xA4,0x45,0x00,0xE8,0x21,0x00,0xF0,0x11,0x00,0xE0,0x0E, // 137 ''
	0xE0,0x0F,0x00,0x10,0x10,0x00,0x88,0x20,0x00,0x84,0x44,0x00,0x04,0x44,0x00,0x04,0x44,0x00,0x04,0x44,0x00,0x84,0x44,0x00,0x88,0x20,0x00,0x10,0x10,0x00,0xE0,0x0F, // 138 ''
	0x00,0x3F,0x00,0x00,0x3F,0x00,0x80,0x20,0x00,0x7C,0x20,0x00,0x04,0x40,0x00,0x38,0x40,0x00,0xC0,0x5F,0x00,0x40,0x75,0x00,0x40,0x55,0x00,0x40,0x55,0x00,0x80,0x3F, // 139 ''
	0xF0,0x03,0x00,0xF0,0x03,0x00,0x10,0x04,0x00,0x10,0xF8,0x00,0x08,0x80,0x00,0x08,0x70,0x00,0xC8,0x0F,0x00,0xB8,0x0A,0x00,0xA8,0x0A,0x00,0xA8,0x0A,0x00,0xF0,0x07, // 140 ''
	0x00,0x60,0x00,0x00,0x78,0x00,0x00,0x7E,0x00,0x80,0x7F,0x00,0xE0,0x7F,0x00,0x78,0x68,0x00,0xE0,0x7F,0x00,0x80,0x7F,0x00,0x00,0x7E,0x00,0x00,0x78,0x00,0x00,0x60, // 141 ''
	0xE0,0x1F,0x00,0xF0,0x3F,0x00,0x78,0x78,0x00,0xB8,0x77,0x00,0xB8,0x77,0x00,0x78,0x78,0x00,0xF8,0x7F,0x00,0x38,0x70,0x00,0xF8,0x7E,0x00,0x78,0x7D,0x00,0xB8,0x73,0x00,0xF0,0x3F,0x00,0xE0,0x1F, // 142 ''
	0x0C,0xC0,0x00,0x3C,0xF8,0x00,0x4C,0xF4,0x00,0x8C,0xFA,0x00,0x0C,0xFD,0x00,0x0C,0xFD,0x00,0x8C,0xFA,0x00,0x4C,0xF4,0x00,0x3C,0xF8,0x00,0x0C,0xC0, // 143 ''
	0x80,0x03,0x00,0xE0,0x0F,0x00,0xF0,0x1F,0x00,0xF8,0x3F,0x00,0xD8,0x3F,0x00,0xEC,0x7F,0x00,0xEC,0x74,0x00,0x6C,0x7F,0x00,0x98,0x3F,0x00,0xF8,0x3F,0x00,0xF0,0x1F,0x00,0xE0,0x0F,0x00,0x80,0x03, // 144 ''
	0xC0,0x47,0x00,0x20,0x38,0x00,0x90,0x21,0x00,0x90,0x11,0x00,0x10,0x10,0x00,0x90,0x09,0x00,0x90,0x09,0x00,0x10,0x08,0x00,0x90,0x09,0x00,0x90,0x09,0x00,0x20,0x04,0x00,0xC0,0x03, // 145 ''
	0xF0,0x00,0x00,0x08,0x03,0x00,0x04,0x3C,0x00,0x04,0x78,0x00,0x74,0x79,0x00,0x04,0x78,0x00,0x04,0x3C,0x00,0x08,0x03,0x00,0xF0, // 146 ''
	0x38,0x00,0x00,0x70,0x00,0x00,0x62,0x00,0x00,0x76,0x00,0x00,0xFE,0x00,0x00,0xFC,0x01,0x00,0xE0,0x03,0x00,0xC0,0x07,0x00,0x80,0x0F,0x00,0x00,0x3F,0x00,0x00,0x6E,0x00,0x00,0x44,0x00,0x00,0x6C,0x00,0x00,0x38, // 147 ''
	0xFC,0x7F,0x00,0x04,0x40,0x00,0x84,0x7F,0x00,0x84,0x6A,0x00,0xBC,0x6A,0x00,0xBC,0x6A,0x00,0xBC,0x6A,0x00,0xA4,0x6A,0x00,0xBC,0x6A,0x00,0x84,0x7F,0x00,0x04,0x40,0x00,0xFC,0x7F, // 148 ''
	0x80,0x07,0x00,0x60,0x18,0x00,0x10,0x26,0x00,0x08,0x45,0x00,0xE8,0x4F,0x00,0xFC,0x8F,0x00,0x14,0xFF,0x00,0xCC,0xF9,0x00,0xC4,0xF8,0x00,0x88,0x40,0x00,0xC8,0x40,0x00,0x10,0x30,0x00,0xE0,0x1E,0x00,0x80,0x07, // 149 ''
	0x00,0x78,0x00,0x7C,0x7C,0x00,0x8E,0x7E,0x00,0x2E,0x7F,0x00,0x06,0x7F,0x00,0x26,0x7F,0x00,0x86,0x7E,0x00,0x7E,0x7C,0x00,0x00,0x78, // 150 ''
	0xC0,0xFF,0x00,0x4C,0x8C,0x00,0x52,0x8C,0x00,0x52,0x8C,0x00,0x64,0x8C,0x00,0xF8,0xFF,0x00,0xF8,0xFF,0x00,0x64,0x8C,0x00,0x52,0x8C,0x00,0x52,0x8C,0x00,0x4C,0x8C,0x00,0xC0,0xFF, // 151 ''
	0xC0,0x3F,0x00,0xE2,0x7F,0x00,0x76,0x77,0x00,0xBC,0x6E,0x00,0x1C,0x40,0x00,0xBC,0x6D,0x00,0x76,0x73,0x00,0xE2,0x7F,0x00,0xC0,0x3F, // 152 ''
	0x00,0x7F,0x00,0x80,0x80,0x00,0xFC,0x80,0x00,0xFE,0x80,0x00,0x86,0x8C,0x00,0x86,0xBE,0x00,0x86,0x8C,0x00,0xFE,0x80,0x00,0xFC,0x80,0x00,0x80,0x80,0x00,0x00,0x7F, // 153 ''
	0xC0,0x00,0x00,0xF0,0x01,0x00,0xB8,0x39,0x00,0xFC,0x47,0x00,0xFC,0x41,0x00,0xEC,0x41,0x00,0xBC,0x47,0x00,0xF8,0x39,0x00,0xF0,0x01,0x00,0xC0, // 154 ''
	0x60,0x00,0x00,0x60,0x1E,0x00,0x78,0x21,0x00,0xC4,0xA0,0x00,0x14,0xE0,0x00,0xC4,0x25,0x00,0x38,0xA5,0x00,0x00,0xE9,0x00,0x00,0x22,0x00,0x00,0x24,0x00,0x00,0x14,0x00,0x00,0x0C, // 155 ''
	0x18,0x00,0x00,0x14,0x0E,0x00,0xF4,0x11,0x00,0x04,0x30,0x00,0x48,0x50,0x00,0x08,0x4B,0x00,0x08,0x47,0x00,0x08,0x4B,0x00,0x48,0x50,0x00,0x04,0x30,0x00,0xF4,0x10,0x00,0x14,0x0F,0x00,0x18, // 156 ''
	0xC0,0xFF,0x00,0xF0,0xFF,0x00,0x78,0x7E,0x00,0xFC,0xFF,0x00,0xFC,0xF3,0x00,0xFC,0x73,0x00,0xFC,0xF3,0x00,0xFC,0xFF,0x00,0x78,0x7E,0x00,0xF0,0xFF,0x00,0xC0,0xFF, // 157 ''
	0x00,0x00,0x00,0x00,0x00,0x00,0x40,0xFF,0x03, // 161 '¡'
	0x00,0x00,0x00,0x00,0x1F,0x00,0x80,0x20,0x03,0x40,0xF0,0x00,0x40,0x4E,0x00,0xC0,0x41,0x00,0xB8,0x20,0x00,0x00,0x11, // 162 '¢'
	0x00,0x41,0x00,0xE0,0x31,0x00,0x10,0x2F,0x00,0x08,0x21,0x00,0x08,0x21,0x00,0x08,0x40,0x00,0x10,0x40,0x00,0x20,0x20, // 163 '£'
	0x00,0x00,0x00,0x40,0x0B,0x00,0x80,0x04,0x00,0x40,0x08,0x00,0x40,0x08,0x00,0x80,0x04,0x00,0x40,0x0B, // 164 '¤'
	0x08,0x0A,0x00,0x10,0x0A,0x00,0x60,0x0A,0x00,0x80,0x0B,0x00,0x00,0x7E,0x00,0x80,0x0B,0x00,0x60,0x0A,0x00,0x10,0x0A,0x00,0x08,0x0A, // 165 '¥'
	0x00,0x00,0x00,0xF8,0xF1,0x03, // 166 '¦'
	0x00,0x86,0x00,0x70,0x09,0x01,0xC8,0x10,0x02,0x88,0x10,0x02,0x08,0x21,0x02,0x08,0x61,0x02,0x30,0xD2,0x01,0x00,0x0C, // 167 '§'
	0x08,0x00,0x00,0x00,0x00,0x00,0x08, // 168 '¨'
	0xC0,0x0F,0x00,0x20,0x10,0x00,0x10,0x20,0x00,0xC8,0x47,0x00,0x28,0x48,0x00,0x28,0x48,0x00,0x28,0x48,0x00,0x28,0x48,0x00,0x48,0x44,0x00,0x10,0x20,0x00,0x20,0x10,0x00,0xC0,0x0F, // 169 '©'
	0xD0,0x00,0x00,0x48,0x01,0x00,0x28,0x01,0x00,0x28,0x01,0x00,0xF0,0x01, // 170 'ª'
	0x00,0x00,0x00,0x00,0x04,0x00,0x00,0x1B,0x00,0x80,0x20,0x00,0x00,0x04,0x00,0x00,0x1B,0x00,0x80,0x20, // 171 '«'
	0x00,0x00,0x00,0x80,0x00,0x00,0x80,0x00,0x00,0x80,0x00,0x00,0x80,0x00,0x00,0x80,0x00,0x00,0x80,0x00,0x00,0x80,0x0F, // 172 '¬'
	0x00,0x08,0x00,0x00,0x08,0x00,0x00,0x08,0x00,0x00,0x08, // 173 '­'
	0xC0,0x0F,0x00,0x20,0x10,0x00,0x10,0x20,0x00,0xE8,0x4F,0x00,0x28,0x41,0x00,0x28,0x41,0x00,0x28,0x43,0x00,0x28,0x45,0x00,0xC8,0x48,0x00,0x10,0x20,0x00,0x20,0x10,0x00,0xC0,0x0F, // 174 '®'
	0x04,0x00,0x00,0x04,0x00,0x00,0x04,0x00,0x00,0x04,0x00,0x00,0x04,0x00,0x00,0x04,0x00,0x00,0x04,0x00,0x00,0x04,0x00,0x00,0x04, // 175 '¯'
	0x00,0x00,0x00,0x30,0x00,0x00,0x48,0x00,0x00,0x48,0x00,0x00,0x30, // 176 '°'
	0x00,0x00,0x00,0x00,0x41,0x00,0x00,0x41,0x00,0x00,0x41,0x00,0xE0,0x4F,0x00,0x00,0x41,0x00,0x00,0x41,0x00,0x00,0x41, // 177 '±'
	0x10,0x01,0x00,0x88,0x01,0x00,0x48,0x01,0x00,0x48,0x01,0x00,0x30,0x01, // 178 '²'
	0x90,0x00,0x00,0x08,0x01,0x00,0x08,0x01,0x00,0x28,0x01,0x00,0xD8, // 179 '³'
	0x00,0x00,0x00,0x00,0x00,0x00,0x10,0x00,0x00,0x08, // 180 '´'
	0x00,0x00,0x00,0xC0,0xFF,0x03,0x00,0x20,0x00,0x00,0x40,0x00,0x00,0x40,0x00,0x00,0x40,0x00,0x00,0x20,0x00,0xC0,0x7F, // 181 'µ'
	0xF0,0x00,0x00,0xF8,0x00,0x00,0xF8,0x01,0x00,0xF8,0x01,0x00,0xF8,0xFF,0x03,0x08,0x00,0x00,0x08,0x00,0x00,0xF8,0xFF,0x03,0x08, // 182 '¶'
	0x00,0x00,0x00,0x00,0x00,0x00,0x00,0x02, // 183 '·'
	0x00,0x00,0x00,0x00,0x00,0x02,0x00,0x80,0x02,0x00,0x00,0x03, // 184 '¸'
	0x00,0x00,0x00,0x10,0x00,0x00,0x08,0x00,0x00,0xF8,0x01, // 185 '¹'
	0xF0,0x00,0x00,0x08,0x01,0x00,0x08,0x01,0x00,0x08,0x01,0x00,0xF0, // 186 'º'
	0x00,0x00,0x00,0x00,0x00,0x00,0x80,0x20,0x00,0x00,0x1B,0x00,0x00,0x04,0x00,0x80,0x20,0x00,0x00,0x1B,0x00,0x00,0x04, // 187 '»'
	0x00,0x00,0x00,0x10,0x00,0x00,0x08,0x40,0x00,0xF8,0x21,0x00,0x00,0x10,0x00,0x00,0x0C,0x00,0x00,0x02,0x00,0x80,0x01,0x00,0x40,0x30,0x00,0x30,0x28,0x00,0x08,0x24,0x00,0x00,0x7E,0x00,0x00,0x20, // 188 '¼'
	0x00,0x00,0x00,0x10,0x00,0x00,0x08,0x40,0x00,0xF8,0x31,0x00,0x00,0x08,0x00,0x00,0x04,0x00,0x00,0x03,0x00,0x80,0x00,0x00,0x60,0x44,0x00,0x10,0x62,0x00,0x08,0x52,0x00,0x00,0x52,0x00,0x00,0x4C, // 189 '½'
	0x90,0x00,0x00,0x08,0x01,0x00,0x08,0x41,0x00,0x28,0x21,0x00,0xD8,0x18,0x00,0x00,0x04,0x00,0x00,0x03,0x00,0x80,0x00,0x00,0x40,0x30,0x00,0x30,0x28,0x00,0x08,0x24,0x00,0x00,0x7E,0x00,0x00,0x20, // 190 '¾'
	0x00,0x00,0x00,0x00,0xE0,0x00,0x00,0x10,0x01,0x00,0x08,0x02,0x40,0x07,0x02,0x00,0x00,0x02,0x00,0x00,0x02,0x00,0x00,0x01,0x00,0xC0, // 191 '¿'
	0x00,0x00,0x00,0x00,0x60,0x00,0x00,0x1C,0x00,0x80,0x07,0x00,0x71,0x04,0x00,0x0A,0x04,0x00,0x70,0x04,0x00,0x80,0x07,0x00,0x00,0x1C,0x00,0x00,0x60, // 192 'À'
	0x00,0x00,0x00,0x00,0x60,0x00,0x00,0x1C,0x00,0x80,0x07,0x00,0x70,0x04,0x00,0x0A,0x04,0x00,0x71,0x04,0x00,0x80,0x07,0x00,0x00,0x1C,0x00,0x00,0x60, // 193 'Á'
	0x00,0x00,0x00,0x00,0x60,0x00,0x00,0x1C,0x00,0x80,0x07,0x00,0x72,0x04,0x00,0x09,0x04,0x00,0x71,0x04,0x00,0x82,0x07,0x00,0x00,0x1C,0x00,0x00,0x60, // 194 'Â'
	0x00,0x00,0x00,0x00,0x60,0x00,0x00,0x1C,0x00,0x80,0x07,0x00,0x72,0x04,0x00,0x09,0x04,0x00,0x72,0x04,0x00,0x81,0x07,0x00,0x00,0x1C,0x00,0x00,0x60, // 195 'Ã'
	0x00,0x00,0x00,0x00,0x60,0x00,0x00,0x1C,0x00,0x80,0x07,0x00,0x72,0x04,0x00,0x08,0x04,0x00,0x72,0x04,0x00,0x80,0x07,0x00,0x00,0x1C,0x00,0x00,0x60, // 196 'Ä'
	0x00,0x00,0x00,0x00,0x60,0x00,0x00,0x1C,0x00,0x80,0x07,0x00,0x7E,0x04,0x00,0x0A,0x04,0x00,0x7E,0x04,0x00,0x80,0x07,0x00,0x00,0x1C,0x00,0x00,0x60, // 197 'Å'
	0x00,0x60,0x00,0x00,0x18,0x00,0x00,0x06,0x00,0x80,0x05,0x00,0x60,0x04,0x00,0x18,0x04,0x00,0x08,0x04,0x00,0x08,0x04,0x00,0xF8,0x7F,0x00,0x08,0x41,0x00,0x08,0x41,0x00,0x08,0x41,0x00,0x08,0x41,0x00,0x08,0x41,0x00,0x08,0x41, // 198 'Æ'
	0x00,0x00,0x00,0xC0,0x0F,0x00,0x20,0x10,0x00,0x10,0x20,0x00,0x08,0x40,0x00,0x08,0x40,0x02,0x08,0xC0,0x02,0x08,0x40,0x03,0x08,0x40,0x00,0x10,0x20,0x00,0x20,0x10, // 199 'Ç'
	0x00,0x00,0x00,0xF8,0x7F,0x00,0x08,0x41,0x00,0x08,0x41,0x00,0x08,0x41,0x00,0x09,0x41,0x00,0x0A,0x41,0x00,0x08,0x41,0x00,0x08,0x41,0x00,0x08,0x40, // 200 'È'
	0x00,0x00,0x00,0xF8,0x7F,0x00,0x08,0x41,0x00,0x08,0x41,0x00,0x08,0x41,0x00,0x0A,0x41,0x00,0x09,0x41,0x00,0x08,0x41,0x00,0x08,0x41,0x00,0x08,0x40, // 201 'É'
	0x00,0x00,0x00,0xF8,0x7F,0x00,0x08,0x41,0x00,0x08,0x41,0x00,0x0A,0x41,0x00,0x09,0x41,0x00,0x09,0x41,0x00,0x0A,0x41,0x00,0x08,0x41,0x00,0x08,0x40, // 202 'Ê'
	0x00,0x00,0x00,0xF8,0x7F,0x00,0x08,0x41,0x00,0x08,0x41,0x00,0x0A,0x41,0x00,0x08,0x41,0x00,0x0A,0x41,0x00,0x08,0x41,0x00,0x08,0x41,0x00,0x08,0x40, // 203 'Ë'
	0x01,0x00,0x00,0xFA,0x7F, // 204 'Ì'
	0x00,0x00,0x00,0xFA,0x7F,0x00,0x01, // 205 'Í'
	0x02,0x00,0x00,0xF9,0x7F,0x00,0x01,0x00,0x00,0x02, // 206 'Î'
	0x02,0x00,0x00,0xF8,0x7F,0x00,0x02, // 207 'Ï'
	0x00,0x02,0x00,0xF8,0x7F,0x00,0x08,0x42,0x00,0x08,0x42,0x00,0x08,0x42,0x00,0x08,0x42,0x00,0x08,0x40,0x00,0x08,0x40,0x00,0x10,0x20,0x00,0x20,0x10,0x00,0xC0,0x0F, // 208 'Ð'
	0x00,0x00,0x00,0xF8,0x7F,0x00,0x10,0x00,0x00,0x60,0x00,0x00,0x82,0x00,0x00,0x01,0x03,0x00,0x02,0x04,0x00,0x01,0x18,0x00,0x00,0x20,0x00,0xF8,0x7F, // 209 'Ñ'
	0x00,0x00,0x00,0xC0,0x0F,0x00,0x20,0x10,0x00,0x10,0x20,0x00,0x08,0x40,0x00,0x09,0x40,0x00,0x0A,0x40,0x00,0x08,0x40,0x00,0x10,0x20,0x00,0x20,0x10,0x00,0xC0,0x0F, // 210 'Ò'
	0x00,0x00,0x00,0xC0,0x0F,0x00,0x20,0x10,0x00,0x10,0x20,0x00,0x08,0x40,0x00,0x0A,0x40,0x00,0x09,0x40,0x00,0x08,0x40,0x00,0x10,0x20,0x00,0x20,0x10,0x00,0xC0,0x0F, // 211 'Ó'
	0x00,0x00,0x00,0xC0,0x0F,0x00,0x20,0x10,0x00,0x10,0x20,0x00,0x0A,0x40,0x00,0x09,0x40,0x00,0x09,0x40,0x00,0x0A,0x40,0x00,0x10,0x20,0x00,0x20,0x10,0x00,0xC0,0x0F, // 212 'Ô'
	0x00,0x00,0x00,0xC0,0x0F,0x00,0x20,0x10,0x00,0x10,0x20,0x00,0x0A,0x40,0x00,0x09,0x40,0x00,0x0A,0x40,0x00,0x09,0x40,0x00,0x10,0x20,0x00,0x20,0x10,0x00,0xC0,0x0F, // 213 'Õ'
	0x00,0x00,0x00,0xC0,0x0F,0x00,0x20,0x10,0x00,0x10,0x20,0x00,0x08,0x40,0x00,0x0A,0x40,0x00,0x08,0x40,0x00,0x0A,0x40,0x00,0x10,0x20,0x00,0x20,0x10,0x00,0xC0,0x0F, // 214 'Ö'
	0x00,0x00,0x00,0x40,0x10,0x00,0x80,0x08,0x00,0x00,0x05,0x00,0x00,0x07,0x00,0x00,0x05,0x00,0x80,0x08,0x00,0x40,0x10, // 215 '×'
	0x00,0x00,0x00,0xC0,0x4F,0x00,0x20,0x30,0x00,0x10,0x30,0x00,0x08,0x4C,0x00,0x08,0x42,0x00,0x08,0x41,0x00,0xC8,0x40,0x00,0x30,0x20,0x00,0x30,0x10,0x00,0xC8,0x0F, // 216 'Ø'
	0x00,0x00,0x00,0xF8,0x1F,0x00,0x00,0x20,0x00,0x00,0x40,0x00,0x01,0x40,0x00,0x02,0x40,0x00,0x00,0x40,0x00,0x00,0x40,0x00,0x00,0x20,0x00,0xF8,0x1F, // 217 'Ù'
	0x00,0x00,0x00,0xF8,0x1F,0x00,0x00,0x20,0x00,0x00,0x40,0x00,0x00,0x40,0x00,0x02,0x40,0x00,0x01,0x40,0x00,0x00,0x40,0x00,0x00,0x20,0x00,0xF8,0x1F, // 218 'Ú'
	0x00,0x00,0x00,0xF8,0x1F,0x00,0x00,0x20,0x00,0x00,0x40,0x00,0x02,0x40,0x00,0x01,0x40,0x00,0x01,0x40,0x00,0x02,0x40,0x00,0x00,0x20,0x00,0xF8,0x1F, // 219 'Û'
	0x00,0x00,0x00,0xF8,0x1F,0x00,0x00,0x20,0x00,0x00,0x40,0x00,0x02,0x40,0x00,0x00,0x40,0x00,0x02,0x40,0x00,0x00,0x40,0x00,0x00,0x20,0x00,0xF8,0x1F, // 220 'Ü'
	0x08,0x00,0x00,0x30,0x00,0x00,0x40,0x00,0x00,0x80,0x01,0x00,0x02,0x7E,0x00,0x81,0x01,0x00,0x40,0x00,0x00,0x30,0x00,0x00,0x08, // 221 'Ý'
	0x00,0x00,0x00,0xF8,0x7F,0x00,0x20,0x10,0x00,0x20,0x10,0x00,0x20,0x10,0x00,0x20,0x10,0x00,0x20,0x10,0x00,0x20,0x10,0x00,0x40,0x08,0x00,0x80,0x07, // 222 'Þ'
	0x00,0x00,0x00,0xE0,0x7F,0x00,0x10,0x00,0x00,0x08,0x20,0x00,0x88,0x43,0x00,0x70,0x42,0x00,0x00,0x44,0x00,0x00,0x38, // 223 'ß'
	0x00,0x00,0x00,0x00,0x39,0x00,0x80,0x44,0x00,0x40,0x44,0x00,0x48,0x44,0x00,0x50,0x42,0x00,0x40,0x22,0x00,0x80,0x7F, // 224 'à'
	0x00,0x00,0x00,0x00,0x39,0x00,0x80,0x44,0x00,0x40,0x44,0x00,0x50,0x44,0x00,0x48,0x42,0x00,0x40,0x22,0x00,0x80,0x7F, // 225 'á'
	0x00,0x00,0x00,0x00,0x39,0x00,0x80,0x44,0x00,0x50,0x44,0x00,0x48,0x44,0x00,0x48,0x42,0x00,0x50,0x22,0x00,0x80,0x7F, // 226 'â'
	0x00,0x00,0x00,0x00,0x39,0x00,0x80,0x44,0x00,0x50,0x44,0x00,0x48,0x44,0x00,0x50,0x42,0x00,0x48,0x22,0x00,0x80,0x7F, // 227 'ã'
	0x00,0x00,0x00,0x00,0x39,0x00,0x80,0x44,0x00,0x50,0x44,0x00,0x40,0x44,0x00,0x50,0x42,0x00,0x40,0x22,0x00,0x80,0x7F, // 228 'ä'
	0x00,0x00,0x00,0x00,0x39,0x00,0x80,0x44,0x00,0x5C,0x44,0x00,0x54,0x44,0x00,0x5C,0x42,0x00,0x40,0x22,0x00,0x80,0x7F, // 229 'å'
	0x00,0x00,0x00,0x00,0x39,0x00,0x80,0x44,0x00,0x40,0x44,0x00,0x40,0x44,0x00,0x40,0x42,0x00,0x40,0x22,0x00,0x80,0x3F,0x00,0x80,0x24,0x00,0x40,0x44,0x00,0x40,0x44,0x00,0x40,0x44,0x00,0x80,0x24,0x00,0x00,0x17, // 230 'æ'
	0x00,0x00,0x00,0x00,0x1F,0x00,0x80,0x20,0x00,0x40,0x40,0x02,0x40,0xC0,0x02,0x40,0x40,0x03,0x80,0x20, // 231 'ç'
	0x00,0x00,0x00,0x00,0x1F,0x00,0x80,0x24,0x00,0x48,0x44,0x00,0x50,0x44,0x00,0x40,0x44,0x00,0x80,0x24,0x00,0x00,0x17, // 232 'è'
	0x00,0x00,0x00,0x00,0x1F,0x00,0x80,0x24,0x00,0x40,0x44,0x00,0x50,0x44,0x00,0x48,0x44,0x00,0x80,0x24,0x00,0x00,0x17, // 233 'é'
	0x00,0x00,0x00,0x00,0x1F,0x00,0x80,0x24,0x00,0x50,0x44,0x00,0x48,0x44,0x00,0x48,0x44,0x00,0x90,0x24,0x00,0x00,0x17, // 234 'ê'
	0x00,0x00,0x00,0x00,0x1F,0x00,0x80,0x24,0x00,0x50,0x44,0x00,0x40,0x44,0x00,0x50,0x44,0x00,0x80,0x24,0x00,0x00,0x17, // 235 'ë'
	0x08,0x00,0x00,0xD0,0x7F, // 236 'ì'
	0x00,0x00,0x00,0xD0,0x7F,0x00,0x08, // 237 'í'
	0x10,0x00,0x00,0xC8,0x7F,0x00,0x08,0x00,0x00,0x10, // 238 'î'
	0x10,0x00,0x00,0xC0,0x7F,0x00,0x10, // 239 'ï'
	0x00,0x00,0x00,0x00,0x1F,0x00,0xA0,0x20,0x00,0x68,0x40,0x00,0x58,0x40,0x00,0x70,0x40,0x00,0xE8,0x20,0x00,0x00,0x1F, // 240 'ð'
	0x00,0x00,0x00,0xC0,0x7F,0x00,0x90,0x00,0x00,0x48,0x00,0x00,0x50,0x00,0x00,0x48,0x00,0x00,0x80,0x7F, // 241 'ñ'
	0x00,0x00,0x00,0x00,0x1F,0x00,0x80,0x20,0x00,0x48,0x40,0x00,0x50,0x40,0x00,0x40,0x40,0x00,0x80,0x20,0x00,0x00,0x1F, // 242 'ò'
	0x00,0x00,0x00,0x00,0x1F,0x00,0x80,0x20,0x00,0x40,0x40,0x00,0x50,0x40,0x00,0x48,0x40,0x00,0x80,0x20,0x00,0x00,0x1F, // 243 'ó'
	0x00,0x00,0x00,0x00,0x1F,0x00,0x80,0x20,0x00,0x50,0x40,0x00,0x48,0x40,0x00,0x48,0x40,0x00,0x90,0x20,0x00,0x00,0x1F, // 244 'ô'
	0x00,0x00,0x00,0x00,0x1F,0x00,0x80,0x20,0x00,0x50,0x40,0x00,0x48,0x40,0x00,0x50,0x40,0x00,0x88,0x20,0x00,0x00,0x1F, // 245 'õ'
	0x00,0x00,0x00,0x00,0x1F,0x00,0x80,0x20,0x00,0x50,0x40,0x00,0x40,0x40,0x00,0x50,0x40,0x00,0x80,0x20,0x00,0x00,0x1F, // 246 'ö'
	0x00,0x00,0x00,0x00,0x02,0x00,0x00,0x02,0x00,0x00,0x02,0x00,0x80,0x0A,0x00,0x00,0x02,0x00,0x00,0x02,0x00,0x00,0x02, // 247 '÷'
	0x00,0x00,0x00,0x00,0x5F,0x00,0x80,0x30,0x00,0x40,0x48,0x00,0x40,0x44,0x00,0x40,0x42,0x00,0x80,0x21,0x00,0x40,0x1F, // 248 'ø'
	0x00,0x00,0x00,0xC0,0x3F,0x00,0x00,0x40,0x00,0x08,0x40,0x00,0x10,0x40,0x00,0x00,0x20,0x00,0xC0,0x7F, // 249 'ù'
	0x00,0x00,0x00,0xC0,0x3F,0x00,0x00,0x40,0x00,0x00,0x40,0x00,0x10,0x40,0x00,0x08,0x20,0x00,0xC0,0x7F, // 250 'ú'
	0x00,0x00,0x00,0xC0,0x3F,0x00,0x10,0x40,0x00,0x08,0x40,0x00,0x08,0x40,0x00,0x10,0x20,0x00,0xC0,0x7F, // 251 'û'
	0x00,0x00,0x00,0xD0,0x3F,0x00,0x00,0x40,0x00,0x10,0x40,0x00,0x00,0x40,0x00,0x00,0x20,0x00,0xC0,0x7F, // 252 'ü'
	0xC0,0x01,0x00,0x00,0x06,0x02,0x00,0x38,0x02,0x10,0xE0,0x01,0x08,0x38,0x00,0x00,0x07,0x00,0xC0, // 253 'ý'
	0x00,0x00,0x00,0xF8,0xFF,0x03,0x80,0x20,0x00,0x40,0x40,0x00,0x40,0x40,0x00,0x40,0x40,0x00,0x80,0x20,0x00,0x00,0x1F, // 254 'þ'
	0xC0,0x01,0x00,0x00,0x06,0x02,0x10,0x38,0x02,0x00,0xE0,0x01,0x10,0x38,0x00,0x00,0x07,0x00,0xC0, // 255 'ÿ'
};

const uint8_t ArialMT_Plain_24[] PROGMEM = {
  0x18, // Width: 24
  0x1C, // Height: 28
  0x20, // First Char: 32
  0xE0, // Numbers of Chars: 224

  // Jump Table:
  0xFF, 0xFF, 0x00, 0x07,  // 32:65535
  0x00, 0x00, 0x13, 0x07,  // 33:0
  0x00, 0x13, 0x1A, 0x09,  // 34:19
  0x00, 0x2D, 0x33, 0x0D,  // 35:45
  0x00, 0x60, 0x2F, 0x0D,  // 36:96
  0x00, 0x8F, 0x4F, 0x15,  // 37:143
  0x00, 0xDE, 0x3B, 0x10,  // 38:222
  0x01, 0x19, 0x0A, 0x05,  // 39:281
  0x01, 0x23, 0x1C, 0x08,  // 40:291
  0x01, 0x3F, 0x1B, 0x08,  // 41:319
  0x01, 0x5A, 0x21, 0x09,  // 42:346
  0x01, 0x7B, 0x32, 0x0E,  // 43:379
  0x01, 0xAD, 0x10, 0x07,  // 44:429
  0x01, 0xBD, 0x1B, 0x08,  // 45:445
  0x01, 0xD8, 0x0F, 0x07,  // 46:472
  0x01, 0xE7, 0x19, 0x07,  // 47:487
  0x02, 0x00, 0x2F, 0x0D,  // 48:512
  0x02, 0x2F, 0x23, 0x0D,  // 49:559
  0x02, 0x52, 0x2F, 0x0D,  // 50:594
  0x02, 0x81, 0x2F, 0x0D,  // 51:641
  0x02, 0xB0, 0x2F, 0x0D,  // 52:688
  0x02, 0xDF, 0x2F, 0x0D,  // 53:735
  0x03, 0x0E, 0x2F, 0x0D,  // 54:782
  0x03, 0x3D, 0x2D, 0x0D,  // 55:829
  0x03, 0x6A, 0x2F, 0x0D,  // 56:874
  0x03, 0x99, 0x2F, 0x0D,  // 57:921
  0x03, 0xC8, 0x0F, 0x07,  // 58:968
  0x03, 0xD7, 0x10, 0x07,  // 59:983
  0x03, 0xE7, 0x2F, 0x0E,  // 60:999
  0x04, 0x16, 0x2F, 0x0E,  // 61:1046
  0x04, 0x45, 0x2E, 0x0E,  // 62:1093
  0x04, 0x73, 0x2E, 0x0D,  // 63:1139
  0x04, 0xA1, 0x5B, 0x18,  // 64:1185
  0x04, 0xFC, 0x3B, 0x10,  // 65:1276
  0x05, 0x37, 0x3B, 0x10,  // 66:1335
  0x05, 0x72, 0x3F, 0x11,  // 67:1394
  0x05, 0xB1, 0x3F, 0x11,  // 68:1457
  0x05, 0xF0, 0x3B, 0x10,  // 69:1520
  0x06, 0x2B, 0x35, 0x0F,  // 70:1579
  0x06, 0x60, 0x43, 0x13,  // 71:1632
  0x06, 0xA3, 0x3B, 0x11,  // 72:1699
  0x06, 0xDE, 0x0F, 0x07,  // 73:1758
  0x06, 0xED, 0x27, 0x0C,  // 74:1773
  0x07, 0x14, 0x3F, 0x10,  // 75:1812
  0x07, 0x53, 0x2F, 0x0D,  // 76:1875
  0x07, 0x82, 0x43, 0x14,  // 77:1922
  0x07, 0xC5, 0x3B, 0x11,  // 78:1989
  0x08, 0x00, 0x47, 0x13,  // 79:2048
  0x08, 0x47, 0x3A, 0x10,  // 80:2119
  0x08, 0x81, 0x47, 0x13,  // 81:2177
  0x08, 0xC8, 0x3F, 0x11,  // 82:2248
  0x09, 0x07, 0x3B, 0x10,  // 83:2311
  0x09, 0x42, 0x35, 0x0F,  // 84:2370
  0x09, 0x77, 0x3B, 0x11,  // 85:2423
  0x09, 0xB2, 0x39, 0x10,  // 86:2482
  0x09, 0xEB, 0x59, 0x17,  // 87:2539
  0x0A, 0x44, 0x3B, 0x10,  // 88:2628
  0x0A, 0x7F, 0x3D, 0x10,  // 89:2687
  0x0A, 0xBC, 0x37, 0x0F,  // 90:2748
  0x0A, 0xF3, 0x14, 0x07,  // 91:2803
  0x0B, 0x07, 0x1B, 0x07,  // 92:2823
  0x0B, 0x22, 0x18, 0x07,  // 93:2850
  0x0B, 0x3A, 0x2A, 0x0B,  // 94:2874
  0x0B, 0x64, 0x34, 0x0D,  // 95:2916
  0x0B, 0x98, 0x11, 0x08,  // 96:2968
  0x0B, 0xA9, 0x2F, 0x0D,  // 97:2985
  0x0B, 0xD8, 0x33, 0x0D,  // 98:3032
  0x0C, 0x0B, 0x2B, 0x0C,  // 99:3083
  0x0C, 0x36, 0x2F, 0x0D,  // 100:3126
  0x0C, 0x65, 0x2F, 0x0D,  // 101:3173
  0x0C, 0x94, 0x1A, 0x07,  // 102:3220
  0x0C, 0xAE, 0x2F, 0x0D,  // 103:3246
  0x0C, 0xDD, 0x2F, 0x0D,  // 104:3293
  0x0D, 0x0C, 0x0F, 0x05,  // 105:3340
  0x0D, 0x1B, 0x10, 0x05,  // 106:3355
  0x0D, 0x2B, 0x2F, 0x0C,  // 107:3371
  0x0D, 0x5A, 0x0F, 0x05,  // 108:3418
  0x0D, 0x69, 0x47, 0x14,  // 109:3433
  0x0D, 0xB0, 0x2F, 0x0D,  // 110:3504
  0x0D, 0xDF, 0x2F, 0x0D,  // 111:3551
  0x0E, 0x0E, 0x33, 0x0D,  // 112:3598
  0x0E, 0x41, 0x30, 0x0D,  // 113:3649
  0x0E, 0x71, 0x1E, 0x08,  // 114:3697
  0x0E, 0x8F, 0x2B, 0x0C,  // 115:3727
  0x0E, 0xBA, 0x1B, 0x07,  // 116:3770
  0x0E, 0xD5, 0x2F, 0x0D,  // 117:3797
  0x0F, 0x04, 0x2A, 0x0C,  // 118:3844
  0x0F, 0x2E, 0x42, 0x11,  // 119:3886
  0x0F, 0x70, 0x2B, 0x0C,  // 120:3952
  0x0F, 0x9B, 0x2A, 0x0C,  // 121:3995
  0x0F, 0xC5, 0x2B, 0x0C,  // 122:4037
  0x0F, 0xF0, 0x1C, 0x08,  // 123:4080
  0x10, 0x0C, 0x10, 0x06,  // 124:4108
  0x10, 0x1C, 0x1B, 0x08,  // 125:4124
  0x10, 0x37, 0x32, 0x0E,  // 126:4151
  0xFF, 0xFF, 0x00, 0x00,  // 127:65535
  0xFF, 0xFF, 0x00, 0x18,  // 128:65535
  0xFF, 0xFF, 0x00, 0x18,  // 129:65535
  0xFF, 0xFF, 0x00, 0x18,  // 130:65535
  0xFF, 0xFF, 0x00, 0x18,  // 131:65535
  0xFF, 0xFF, 0x00, 0x18,  // 132:65535
  0xFF, 0xFF, 0x00, 0x18,  // 133:65535
  0xFF, 0xFF, 0x00, 0x18,  // 134:65535
  0xFF, 0xFF, 0x00, 0x18,  // 135:65535
  0xFF, 0xFF, 0x00, 0x18,  // 136:65535
  0xFF, 0xFF, 0x00, 0x18,  // 137:65535
  0xFF, 0xFF, 0x00, 0x18,  // 138:65535
  0xFF, 0xFF, 0x00, 0x18,  // 139:65535
  0xFF, 0xFF, 0x00, 0x18,  // 140:65535
  0xFF, 0xFF, 0x00, 0x18,  // 141:65535
  0xFF, 0xFF, 0x00, 0x18,  // 142:65535
  0xFF, 0xFF, 0x00, 0x18,  // 143:65535
  0xFF, 0xFF, 0x00, 0x18,  // 144:65535
  0xFF, 0xFF, 0x00, 0x18,  // 145:65535
  0xFF, 0xFF, 0x00, 0x18,  // 146:65535
  0xFF, 0xFF, 0x00, 0x18,  // 147:65535
  0xFF, 0xFF, 0x00, 0x18,  // 148:65535
  0xFF, 0xFF, 0x00, 0x18,  // 149:65535
  0xFF, 0xFF, 0x00, 0x18,  // 150:65535
  0xFF, 0xFF, 0x00, 0x18,  // 151:65535
  0xFF, 0xFF, 0x00, 0x18,  // 152:65535
  0xFF, 0xFF, 0x00, 0x18,  // 153:65535
  0xFF, 0xFF, 0x00, 0x18,  // 154:65535
  0xFF, 0xFF, 0x00, 0x18,  // 155:65535
  0xFF, 0xFF, 0x00, 0x18,  // 156:65535
  0xFF, 0xFF, 0x00, 0x18,  // 157:65535
  0xFF, 0xFF, 0x00, 0x18,  // 158:65535
  0xFF, 0xFF, 0x00, 0x18,  // 159:65535
  0xFF, 0xFF, 0x00, 0x07,  // 160:65535
  0x10, 0x69, 0x14, 0x08,  // 161:4201
  0x10, 0x7D, 0x2B, 0x0D,  // 162:4221
  0x10, 0xA8, 0x2F, 0x0D,  // 163:4264
  0x10, 0xD7, 0x33, 0x0D,  // 164:4311
  0x11, 0x0A, 0x31, 0x0D,  // 165:4362
  0x11, 0x3B, 0x10, 0x06,  // 166:4411
  0x11, 0x4B, 0x2F, 0x0D,  // 167:4427
  0x11, 0x7A, 0x19, 0x08,  // 168:4474
  0x11, 0x93, 0x46, 0x12,  // 169:4499
  0x11, 0xD9, 0x1A, 0x09,  // 170:4569
  0x11, 0xF3, 0x27, 0x0D,  // 171:4595
  0x12, 0x1A, 0x2F, 0x0E,  // 172:4634
  0x12, 0x49, 0x1B, 0x08,  // 173:4681
  0x12, 0x64, 0x46, 0x12,  // 174:4708
  0x12, 0xAA, 0x31, 0x0D,  // 175:4778
  0x12, 0xDB, 0x1E, 0x0A,  // 176:4827
  0x12, 0xF9, 0x33, 0x0D,  // 177:4857
  0x13, 0x2C, 0x1A, 0x08,  // 178:4908
  0x13, 0x46, 0x1A, 0x08,  // 179:4934
  0x13, 0x60, 0x19, 0x08,  // 180:4960
  0x13, 0x79, 0x2F, 0x0E,  // 181:4985
  0x13, 0xA8, 0x31, 0x0D,  // 182:5032
  0x13, 0xD9, 0x12, 0x08,  // 183:5081
  0x13, 0xEB, 0x18, 0x08,  // 184:5099
  0x14, 0x03, 0x16, 0x08,  // 185:5123
  0x14, 0x19, 0x1E, 0x09,  // 186:5145
  0x14, 0x37, 0x2E, 0x0D,  // 187:5175
  0x14, 0x65, 0x4F, 0x14,  // 188:5221
  0x14, 0xB4, 0x4B, 0x14,  // 189:5300
  0x14, 0xFF, 0x4B, 0x14,  // 190:5375
  0x15, 0x4A, 0x33, 0x0F,  // 191:5450
  0x15, 0x7D, 0x3B, 0x10,  // 192:5501
  0x15, 0xB8, 0x3B, 0x10,  // 193:5560
  0x15, 0xF3, 0x3B, 0x10,  // 194:5619
  0x16, 0x2E, 0x3B, 0x10,  // 195:5678
  0x16, 0x69, 0x3B, 0x10,  // 196:5737
  0x16, 0xA4, 0x3B, 0x10,  // 197:5796
  0x16, 0xDF, 0x5B, 0x18,  // 198:5855
  0x17, 0x3A, 0x3F, 0x11,  // 199:5946
  0x17, 0x79, 0x3B, 0x10,  // 200:6009
  0x17, 0xB4, 0x3B, 0x10,  // 201:6068
  0x17, 0xEF, 0x3B, 0x10,  // 202:6127
  0x18, 0x2A, 0x3B, 0x10,  // 203:6186
  0x18, 0x65, 0x11, 0x07,  // 204:6245
  0x18, 0x76, 0x11, 0x07,  // 205:6262
  0x18, 0x87, 0x15, 0x07,  // 206:6279
  0x18, 0x9C, 0x15, 0x07,  // 207:6300
  0x18, 0xB1, 0x3F, 0x11,  // 208:6321
  0x18, 0xF0, 0x3B, 0x11,  // 209:6384
  0x19, 0x2B, 0x47, 0x13,  // 210:6443
  0x19, 0x72, 0x47, 0x13,  // 211:6514
  0x19, 0xB9, 0x47, 0x13,  // 212:6585
  0x1A, 0x00, 0x47, 0x13,  // 213:6656
  0x1A, 0x47, 0x47, 0x13,  // 214:6727
  0x1A, 0x8E, 0x2B, 0x0E,  // 215:6798
  0x1A, 0xB9, 0x47, 0x13,  // 216:6841
  0x1B, 0x00, 0x3B, 0x11,  // 217:6912
  0x1B, 0x3B, 0x3B, 0x11,  // 218:6971
  0x1B, 0x76, 0x3B, 0x11,  // 219:7030
  0x1B, 0xB1, 0x3B, 0x11,  // 220:7089
  0x1B, 0xEC, 0x3D, 0x10,  // 221:7148
  0x1C, 0x29, 0x3A, 0x10,  // 222:7209
  0x1C, 0x63, 0x37, 0x0F,  // 223:7267
  0x1C, 0x9A, 0x2F, 0x0D,  // 224:7322
  0x1C, 0xC9, 0x2F, 0x0D,  // 225:7369
  0x1C, 0xF8, 0x2F, 0x0D,  // 226:7416
  0x1D, 0x27, 0x2F, 0x0D,  // 227:7463
  0x1D, 0x56, 0x2F, 0x0D,  // 228:7510
  0x1D, 0x85, 0x2F, 0x0D,  // 229:7557
  0x1D, 0xB4, 0x53, 0x15,  // 230:7604
  0x1E, 0x07, 0x2B, 0x0C,  // 231:7687
  0x1E, 0x32, 0x2F, 0x0D,  // 232:7730
  0x1E, 0x61, 0x2F, 0x0D,  // 233:7777
  0x1E, 0x90, 0x2F, 0x0D,  // 234:7824
  0x1E, 0xBF, 0x2F, 0x0D,  // 235:7871
  0x1E, 0xEE, 0x11, 0x07,  // 236:7918
  0x1E, 0xFF, 0x11, 0x07,  // 237:7935
  0x1F, 0x10, 0x15, 0x07,  // 238:7952
  0x1F, 0x25, 0x15, 0x07,  // 239:7973
  0x1F, 0x3A, 0x2F, 0x0D,  // 240:7994
  0x1F, 0x69, 0x2F, 0x0D,  // 241:8041
  0x1F, 0x98, 0x2F, 0x0D,  // 242:8088
  0x1F, 0xC7, 0x2F, 0x0D,  // 243:8135
  0x1F, 0xF6, 0x2F, 0x0D,  // 244:8182
  0x20, 0x25, 0x2F, 0x0D,  // 245:8229
  0x20, 0x54, 0x2F, 0x0D,  // 246:8276
  0x20, 0x83, 0x32, 0x0D,  // 247:8323
  0x20, 0xB5, 0x33, 0x0F,  // 248:8373
  0x20, 0xE8, 0x2F, 0x0D,  // 249:8424
  0x21, 0x17, 0x2F, 0x0D,  // 250:8471
  0x21, 0x46, 0x2F, 0x0D,  // 251:8518
  0x21, 0x75, 0x2F, 0x0D,  // 252:8565
  0x21, 0xA4, 0x2A, 0x0C,  // 253:8612
  0x21, 0xCE, 0x2F, 0x0D,  // 254:8654
  0x21, 0xFD, 0x2A, 0x0C,  // 255:8701

  // Font Data:
  0x00,0x00,0x00,0x00,0x00,0x00,0x00,0x00,0x00,0x00,0x00,0x00,0xE0,0xFF,0x33,0x00,0xE0,0xFF,0x33, // 33
  0x00,0x00,0x00,0x00,0xE0,0x07,0x00,0x00,0xE0,0x07,0x00,0x00,0x00,0x00,0x00,0x00,0x00,0x00,0x00,0x00,0xE0,0x07,0x00,0x00,0xE0,0x07,  // 34
  0x00,0x0C,0x03,0x00,0x00,0x0C,0x33,0x00,0x00,0x0C,0x3F,0x00,0x00,0xFC,0x0F,0x00,0x80,0xFF,0x03,0x00,0xE0,0x0F,0x03,0x00,0x60,0x0C,0x33,0x00,0x00,0x0C,0x3F,0x00,0x00,0xFC,0x0F,0x00,0x80,0xFF,0x03,0x00,0xE0,0x0F,0x03,0x00,0x60,0x0C,0x03,0x00,0x00,0x0C,0x03, // 35
  0x00,0x00,0x00,0x00,0x80,0x07,0x06,0x00,0xC0,0x0F,0x1E,0x00,0xC0,0x18,0x1C,0x00,0x60,0x18,0x38,0x00,0x60,0x30,0x30,0x00,0xF0,0xFF,0xFF,0x00,0x60,0x30,0x30,0x00,0x60,0x60,0x38,0x00,0xC0,0x60,0x18,0x00,0xC0,0xC1,0x1F,0x00,0x00,0x81,0x07, // 36
  0x00,0x00,0x00,0x00,0x80,0x0F,0x00,0x00,0xC0,0x1F,0x00,0x00,0x60,0x30,0x00,0x00,0x20,0x20,0x00,0x00,0x20,0x20,0x20,0x00,0x60,0x30,0x38,0x00,0xC0,0x1F,0x1E,0x00,0x80,0x8F,0x0F,0x00,0x00,0xC0,0x03,0x00,0x00,0xF0,0x00,0x00,0x00,0x3C,0x00,0x00,0x00,0x8F,0x0F,0x00,0xC0,0xC3,0x1F,0x00,0xE0,0x60,0x30,0x00,0x20,0x20,0x20,0x00,0x00,0x20,0x20,0x00,0x00,0x60,0x30,0x00,0x00,0xC0,0x1F,0x00,0x00,0x80,0x0F, // 37
  0x00,0x00,0x00,0x00,0x00,0x80,0x07,0x00,0x00,0xC0,0x0F,0x00,0x80,0xE3,0x1C,0x00,0xC0,0x77,0x38,0x00,0xE0,0x3C,0x30,0x00,0x60,0x38,0x30,0x00,0x60,0x78,0x30,0x00,0xE0,0xEC,0x38,0x00,0xC0,0x8F,0x1B,0x00,0x80,0x03,0x1F,0x00,0x00,0x00,0x0F,0x00,0x00,0xC0,0x1F,0x00,0x00,0xC0,0x38,0x00,0x00,0x00,0x10, // 38
  0x00,0x00,0x00,0x00,0xE0,0x07,0x00,0x00,0xE0,0x07,  // 39
  0x00,0x00,0x00,0x00,0x00,0xF0,0x0F,0x00,0x00,0xFE,0x7F,0x00,0x80,0x0F,0xF0,0x01,0xC0,0x01,0x80,0x03,0x60,0x00,0x00,0x06,0x20,0x00,0x00,0x04,  // 40
  0x00,0x00,0x00,0x00,0x20,0x00,0x00,0x04,0x60,0x00,0x00,0x06,0xC0,0x01,0x80,0x03,0x80,0x0F,0xF0,0x01,0x00,0xFE,0x7F,0x00,0x00,0xF0,0x0F, // 41
  0x00,0x00,0x00,0x00,0x80,0x00,0x00,0x00,0x80,0x04,0x00,0x00,0x80,0x0F,0x00,0x00,0xE0,0x03,0x00,0x00,0xE0,0x03,0x00,0x00,0x80,0x0F,0x00,0x00,0x80,0x04,0x00,0x00,0x80, // 42
  0x00,0x00,0x00,0x00,0x00,0x60,0x00,0x00,0x00,0x60,0x00,0x00,0x00,0x60,0x00,0x00,0x00,0x60,0x00,0x00,0x00,0x60,0x00,0x00,0x00,0xFF,0x0F,0x00,0x00,0xFF,0x0F,0x00,0x00,0x60,0x00,0x00,0x00,0x60,0x00,0x00,0x00,0x60,0x00,0x00,0x00,0x60,0x00,0x00,0x00,0x60,  // 43
  0x00,0x00,0x00,0x00,0x00,0x00,0x00,0x00,0x00,0x00,0x30,0x03,0x00,0x00,0xF0,0x01,  // 44
  0x00,0x80,0x01,0x00,0x00,0x80,0x01,0x00,0x00,0x80,0x01,0x00,0x00,0x80,0x01,0x00,0x00,0x80,0x01,0x00,0x00,0x80,0x01,0x00,0x00,0x80,0x01, // 45
  0x00,0x00,0x00,0x00,0x00,0x00,0x00,0x00,0x00,0x00,0x30,0x00,0x00,0x00,0x30, // 46
  0x00,0x00,0x30,0x00,0x00,0x00,0x3E,0x00,0x00,0xE0,0x0F,0x00,0x00,0xFC,0x01,0x00,0x80,0x3F,0x00,0x00,0xE0,0x03,0x00,0x00,0x60, // 47
  0x00,0x00,0x00,0x00,0x00,0xFE,0x03,0x00,0x80,0xFF,0x0F,0x00,0xC0,0x01,0x1C,0x00,0xE0,0x00,0x38,0x00,0x60,0x00,0x30,0x00,0x60,0x00,0x30,0x00,0x60,0x00,0x30,0x00,0xE0,0x00,0x38,0x00,0xC0,0x01,0x1C,0x00,0x80,0xFF,0x0F,0x00,0x00,0xFE,0x03, // 48
  0x00,0x00,0x00,0x00,0x00,0x00,0x00,0x00,0x00,0x00,0x00,0x00,0x00,0x06,0x00,0x00,0x00,0x07,0x00,0x00,0x00,0x03,0x00,0x00,0x80,0x01,0x00,0x00,0xE0,0xFF,0x3F,0x00,0xE0,0xFF,0x3F, // 49
  0x00,0x00,0x00,0x00,0x00,0x03,0x30,0x00,0xC0,0x03,0x38,0x00,0xC0,0x00,0x3C,0x00,0x60,0x00,0x36,0x00,0x60,0x00,0x33,0x00,0x60,0x80,0x31,0x00,0x60,0xC0,0x30,0x00,0x60,0x60,0x30,0x00,0xC0,0x30,0x30,0x00,0xC0,0x1F,0x30,0x00,0x00,0x0F,0x30, // 50
  0x00,0x00,0x00,0x00,0x00,0x01,0x06,0x00,0xC0,0x01,0x0E,0x00,0xC0,0x00,0x1C,0x00,0x60,0x00,0x30,0x00,0x60,0x30,0x30,0x00,0x60,0x30,0x30,0x00,0x60,0x30,0x30,0x00,0xC0,0x38,0x30,0x00,0xC0,0x6F,0x18,0x00,0x80,0xC7,0x0F,0x00,0x00,0x80,0x07, // 51
  0x00,0x00,0x00,0x00,0x00,0x80,0x03,0x00,0x00,0xC0,0x03,0x00,0x00,0xF0,0x03,0x00,0x00,0x3C,0x03,0x00,0x00,0x0E,0x03,0x00,0x80,0x07,0x03,0x00,0xC0,0x01,0x03,0x00,0xE0,0xFF,0x3F,0x00,0xE0,0xFF,0x3F,0x00,0x00,0x00,0x03,0x00,0x00,0x00,0x03, // 52
  0x00,0x00,0x00,0x00,0x00,0x30,0x06,0x00,0x80,0x3F,0x0E,0x00,0xE0,0x1F,0x18,0x00,0x60,0x08,0x30,0x00,0x60,0x0C,0x30,0x00,0x60,0x0C,0x30,0x00,0x60,0x0C,0x30,0x00,0x60,0x0C,0x30,0x00,0x60,0x18,0x1C,0x00,0x60,0xF0,0x0F,0x00,0x00,0xE0,0x03, // 53
  0x00,0x00,0x00,0x00,0x00,0xFC,0x03,0x00,0x80,0xFF,0x0F,0x00,0xC0,0x63,0x1C,0x00,0xC0,0x30,0x38,0x00,0x60,0x18,0x30,0x00,0x60,0x18,0x30,0x00,0x60,0x18,0x30,0x00,0x60,0x18,0x30,0x00,0xE0,0x30,0x18,0x00,0xC0,0xF1,0x0F,0x00,0x80,0xC1,0x07, // 54
  0x00,0x00,0x00,0x00,0x60,0x00,0x00,0x00,0x60,0x00,0x00,0x00,0x60,0x00,0x00,0x00,0x60,0x00,0x3C,0x00,0x60,0x80,0x3F,0x00,0x60,0xE0,0x03,0x00,0x60,0x78,0x00,0x00,0x60,0x0E,0x00,0x00,0x60,0x03,0x00,0x00,0xE0,0x01,0x00,0x00,0x60, // 55
  0x00,0x00,0x00,0x00,0x00,0x80,0x07,0x00,0x80,0xC7,0x1F,0x00,0xC0,0x6F,0x18,0x00,0xE0,0x38,0x30,0x00,0x60,0x30,0x30,0x00,0x60,0x30,0x30,0x00,0x60,0x30,0x30,0x00,0xE0,0x38,0x30,0x00,0xC0,0x6F,0x18,0x00,0x80,0xC7,0x1F,0x00,0x00,0x80,0x07, // 56
  0x00,0x00,0x00,0x00,0x00,0x1F,0x0C,0x00,0x80,0x7F,0x1C,0x00,0xC0,0x61,0x38,0x00,0x60,0xC0,0x30,0x00,0x60,0xC0,0x30,0x00,0x60,0xC0,0x30,0x00,0x60,0xC0,0x30,0x00,0x60,0x60,0x18,0x00,0xC0,0x31,0x1E,0x00,0x80,0xFF,0x0F,0x00,0x00,0xFE,0x01, // 57
  0x00,0x00,0x00,0x00,0x00,0x00,0x00,0x00,0x00,0x06,0x30,0x00,0x00,0x06,0x30, // 58
  0x00,0x00,0x00,0x00,0x00,0x00,0x00,0x00,0x00,0x06,0x30,0x03,0x00,0x06,0xF0,0x01,  // 59
  0x00,0x00,0x00,0x00,0x00,0x20,0x00,0x00,0x00,0x70,0x00,0x00,0x00,0x50,0x00,0x00,0x00,0xD8,0x00,0x00,0x00,0xD8,0x00,0x00,0x00,0x8C,0x01,0x00,0x00,0x8C,0x01,0x00,0x00,0x04,0x01,0x00,0x00,0x06,0x03,0x00,0x00,0x06,0x03,0x00,0x00,0x03,0x06, // 60
  0x00,0x00,0x00,0x00,0x00,0x8C,0x01,0x00,0x00,0x8C,0x01,0x00,0x00,0x8C,0x01,0x00,0x00,0x8C,0x01,0x00,0x00,0x8C,0x01,0x00,0x00,0x8C,0x01,0x00,0x00,0x8C,0x01,0x00,0x00,0x8C,0x01,0x00,0x00,0x8C,0x01,0x00,0x00,0x8C,0x01,0x00,0x00,0x8C,0x01, // 61
  0x00,0x00,0x00,0x00,0x00,0x03,0x06,0x00,0x00,0x06,0x03,0x00,0x00,0x06,0x03,0x00,0x00,0x04,0x01,0x00,0x00,0x8C,0x01,0x00,0x00,0x8C,0x01,0x00,0x00,0xD8,0x00,0x00,0x00,0xD8,0x00,0x00,0x00,0x50,0x00,0x00,0x00,0x70,0x00,0x00,0x00,0x20,  // 62
  0x00,0x00,0x00,0x00,0x00,0x03,0x00,0x00,0x80,0x03,0x00,0x00,0xC0,0x01,0x00,0x00,0xE0,0x00,0x00,0x00,0x60,0x80,0x33,0x00,0x60,0xC0,0x33,0x00,0x60,0xE0,0x00,0x00,0x60,0x30,0x00,0x00,0xC0,0x38,0x00,0x00,0xC0,0x1F,0x00,0x00,0x00,0x07,  // 63
  0x00,0x00,0x00,0x00,0x00,0xE0,0x0F,0x00,0x00,0xF8,0x3F,0x00,0x00,0x1E,0xF0,0x00,0x00,0x07,0xC0,0x01,0x80,0xC3,0x87,0x01,0xC0,0xF1,0x9F,0x03,0xC0,0x38,0x18,0x03,0xC0,0x0C,0x30,0x03,0x60,0x0E,0x30,0x06,0x60,0x06,0x30,0x06,0x60,0x06,0x18,0x06,0x60,0x06,0x0C,0x06,0x60,0x0C,0x1E,0x06,0x60,0xF8,0x3F,0x06,0xE0,0xFE,0x31,0x06,0xC0,0x0E,0x30,0x06,0xC0,0x01,0x18,0x03,0x80,0x03,0x1C,0x03,0x00,0x07,0x8F,0x01,0x00,0xFE,0x87,0x01,0x00,0xF8,0xC1,0x00,0x00,0x00,0x40, // 64
  0x00,0x00,0x30,0x00,0x00,0x00,0x3E,0x00,0x00,0x80,0x0F,0x00,0x00,0xF0,0x03,0x00,0x00,0xFE,0x01,0x00,0x80,0x8F,0x01,0x00,0xE0,0x83,0x01,0x00,0x60,0x80,0x01,0x00,0xE0,0x83,0x01,0x00,0x80,0x8F,0x01,0x00,0x00,0xFE,0x01,0x00,0x00,0xF0,0x03,0x00,0x00,0x80,0x0F,0x00,0x00,0x00,0x3E,0x00,0x00,0x00,0x30, // 65
  0x00,0x00,0x00,0x00,0x00,0x00,0x00,0x00,0xE0,0xFF,0x3F,0x00,0xE0,0xFF,0x3F,0x00,0x60,0x30,0x30,0x00,0x60,0x30,0x30,0x00,0x60,0x30,0x30,0x00,0x60,0x30,0x30,0x00,0x60,0x30,0x30,0x00,0x60,0x30,0x30,0x00,0x60,0x30,0x30,0x00,0xC0,0x78,0x30,0x00,0xC0,0xFF,0x18,0x00,0x80,0xC7,0x1F,0x00,0x00,0x80,0x07, // 66
  0x00,0x00,0x00,0x00,0x00,0xFC,0x01,0x00,0x00,0xFF,0x07,0x00,0x80,0x07,0x0F,0x00,0xC0,0x01,0x1C,0x00,0xC0,0x00,0x18,0x00,0x60,0x00,0x30,0x00,0x60,0x00,0x30,0x00,0x60,0x00,0x30,0x00,0x60,0x00,0x30,0x00,0x60,0x00,0x30,0x00,0x60,0x00,0x30,0x00,0xC0,0x00,0x18,0x00,0xC0,0x01,0x1C,0x00,0x80,0x03,0x0F,0x00,0x00,0x02,0x03, // 67
  0x00,0x00,0x00,0x00,0x00,0x00,0x00,0x00,0xE0,0xFF,0x3F,0x00,0xE0,0xFF,0x3F,0x00,0x60,0x00,0x30,0x00,0x60,0x00,0x30,0x00,0x60,0x00,0x30,0x00,0x60,0x00,0x30,0x00,0x60,0x00,0x30,0x00,0x60,0x00,0x30,0x00,0x60,0x00,0x30,0x00,0xE0,0x00,0x18,0x00,0xC0,0x01,0x1C,0x00,0x80,0x03,0x0E,0x00,0x00,0xFF,0x07,0x00,0x00,0xFC,0x01, // 68
  0x00,0x00,0x00,0x00,0x00,0x00,0x00,0x00,0xE0,0xFF,0x3F,0x00,0xE0,0xFF,0x3F,0x00,0x60,0x30,0x30,0x00,0x60,0x30,0x30,0x00,0x60,0x30,0x30,0x00,0x60,0x30,0x30,0x00,0x60,0x30,0x30,0x00,0x60,0x30,0x30,0x00,0x60,0x30,0x30,0x00,0x60,0x30,0x30,0x00,0x60,0x30,0x30,0x00,0x60,0x30,0x30,0x00,0x60,0x00,0x30, // 69
  0x00,0x00,0x00,0x00,0x00,0x00,0x00,0x00,0xE0,0xFF,0x3F,0x00,0xE0,0xFF,0x3F,0x00,0x60,0x30,0x00,0x00,0x60,0x30,0x00,0x00,0x60,0x30,0x00,0x00,0x60,0x30,0x00,0x00,0x60,0x30,0x00,0x00,0x60,0x30,0x00,0x00,0x60,0x30,0x00,0x00,0x60,0x30,0x00,0x00,0x60,0x30,0x00,0x00,0x60, // 70
  0x00,0x00,0x00,0x00,0x00,0xFC,0x01,0x00,0x00,0xFF,0x07,0x00,0x80,0x07,0x0F,0x00,0xC0,0x01,0x1C,0x00,0xC0,0x00,0x18,0x00,0xE0,0x00,0x18,0x00,0x60,0x00,0x30,0x00,0x60,0x00,0x30,0x00,0x60,0x00,0x30,0x00,0x60,0x60,0x30,0x00,0x60,0x60,0x30,0x00,0xE0,0x60,0x38,0x00,0xC0,0x60,0x18,0x00,0xC0,0x61,0x18,0x00,0x80,0xE3,0x0F,0x00,0x00,0xE2,0x0F, // 71
  0x00,0x00,0x00,0x00,0x00,0x00,0x00,0x00,0xE0,0xFF,0x3F,0x00,0xE0,0xFF,0x3F,0x00,0x00,0x30,0x00,0x00,0x00,0x30,0x00,0x00,0x00,0x30,0x00,0x00,0x00,0x30,0x00,0x00,0x00,0x30,0x00,0x00,0x00,0x30,0x00,0x00,0x00,0x30,0x00,0x00,0x00,0x30,0x00,0x00,0x00,0x30,0x00,0x00,0xE0,0xFF,0x3F,0x00,0xE0,0xFF,0x3F, // 72
  0x00,0x00,0x00,0x00,0x00,0x00,0x00,0x00,0xE0,0xFF,0x3F,0x00,0xE0,0xFF,0x3F, // 73
  0x00,0x00,0x00,0x00,0x00,0x00,0x0E,0x00,0x00,0x00,0x1E,0x00,0x00,0x00,0x38,0x00,0x00,0x00,0x30,0x00,0x00,0x00,0x30,0x00,0x00,0x00,0x30,0x00,0x00,0x00,0x38,0x00,0xE0,0xFF,0x1F,0x00,0xE0,0xFF,0x0F, // 74
  0x00,0x00,0x00,0x00,0x00,0x00,0x00,0x00,0xE0,0xFF,0x3F,0x00,0xE0,0xFF,0x3F,0x00,0x00,0xE0,0x00,0x00,0x00,0x70,0x00,0x00,0x00,0x38,0x00,0x00,0x00,0x7C,0x00,0x00,0x00,0xFE,0x00,0x00,0x00,0xE7,0x01,0x00,0x80,0x83,0x07,0x00,0xC0,0x01,0x0F,0x00,0xE0,0x00,0x1E,0x00,0x60,0x00,0x38,0x00,0x20,0x00,0x30,0x00,0x00,0x00,0x20, // 75
  0x00,0x00,0x00,0x00,0x00,0x00,0x00,0x00,0xE0,0xFF,0x3F,0x00,0xE0,0xFF,0x3F,0x00,0x00,0x00,0x30,0x00,0x00,0x00,0x30,0x00,0x00,0x00,0x30,0x00,0x00,0x00,0x30,0x00,0x00,0x00,0x30,0x00,0x00,0x00,0x30,0x00,0x00,0x00,0x30,0x00,0x00,0x00,0x30, // 76
  0x00,0x00,0x00,0x00,0x00,0x00,0x00,0x00,0xE0,0xFF,0x3F,0x00,0xE0,0xFF,0x3F,0x00,0xE0,0x01,0x00,0x00,0xC0,0x0F,0x00,0x00,0x00,0xFE,0x00,0x00,0x00,0xE0,0x07,0x00,0x00,0x00,0x3F,0x00,0x00,0x00,0x30,0x00,0x00,0x00,0x3F,0x00,0x00,0xE0,0x07,0x00,0x00,0xFE,0x00,0x00,0xC0,0x0F,0x00,0x00,0xE0,0x01,0x00,0x00,0xE0,0xFF,0x3F,0x00,0xE0,0xFF,0x3F, // 77
  0x00,0x00,0x00,0x00,0x00,0x00,0x00,0x00,0xE0,0xFF,0x3F,0x00,0xE0,0xFF,0x3F,0x00,0xC0,0x01,0x00,0x00,0x80,0x03,0x00,0x00,0x00,0x0E,0x00,0x00,0x00,0x3C,0x00,0x00,0x00,0x70,0x00,0x00,0x00,0xE0,0x01,0x00,0x00,0x80,0x03,0x00,0x00,0x00,0x0F,0x00,0x00,0x00,0x1C,0x00,0xE0,0xFF,0x3F,0x00,0xE0,0xFF,0x3F, // 78
  0x00,0x00,0x00,0x00,0x00,0xFC,0x01,0x00,0x00,0xFF,0x07,0x00,0x80,0x07,0x0F,0x00,0xC0,0x01,0x1C,0x00,0xC0,0x00,0x18,0x00,0xE0,0x00,0x38,0x00,0x60,0x00,0x30,0x00,0x60,0x00,0x30,0x00,0x60,0x00,0x30,0x00,0x60,0x00,0x30,0x00,0x60,0x00,0x30,0x00,0xE0,0x00,0x38,0x00,0xC0,0x00,0x18,0x00,0xC0,0x01,0x1C,0x00,0x80,0x07,0x0F,0x00,0x00,0xFF,0x07,0x00,0x00,0xFC,0x01, // 79
  0x00,0x00,0x00,0x00,0x00,0x00,0x00,0x00,0xE0,0xFF,0x3F,0x00,0xE0,0xFF,0x3F,0x00,0x60,0x60,0x00,0x00,0x60,0x60,0x00,0x00,0x60,0x60,0x00,0x00,0x60,0x60,0x00,0x00,0x60,0x60,0x00,0x00,0x60,0x60,0x00,0x00,0x60,0x60,0x00,0x00,0x60,0x60,0x00,0x00,0xC0,0x30,0x00,0x00,0xC0,0x3F,0x00,0x00,0x00,0x0F,  // 80
  0x00,0x00,0x00,0x00,0x00,0xFC,0x01,0x00,0x00,0xFF,0x07,0x00,0x80,0x07,0x0F,0x00,0xC0,0x01,0x0C,0x00,0xC0,0x00,0x18,0x00,0xE0,0x00,0x18,0x00,0x60,0x00,0x30,0x00,0x60,0x00,0x30,0x00,0x60,0x00,0x30,0x00,0x60,0x00,0x36,0x00,0x60,0x00,0x36,0x00,0xE0,0x00,0x3C,0x00,0xC0,0x00,0x1C,0x00,0xC0,0x01,0x1C,0x00,0x80,0x07,0x3F,0x00,0x00,0xFF,0x77,0x00,0x00,0xFC,0x61, // 81
  0x00,0x00,0x00,0x00,0x00,0x00,0x00,0x00,0xE0,0xFF,0x3F,0x00,0xE0,0xFF,0x3F,0x00,0x60,0x30,0x00,0x00,0x60,0x30,0x00,0x00,0x60,0x30,0x00,0x00,0x60,0x30,0x00,0x00,0x60,0x70,0x00,0x00,0x60,0xF0,0x00,0x00,0x60,0xF0,0x03,0x00,0x60,0xB0,0x07,0x00,0xE0,0x18,0x1F,0x00,0xC0,0x1F,0x3C,0x00,0x80,0x0F,0x30,0x00,0x00,0x00,0x20, // 82
  0x00,0x00,0x00,0x00,0x00,0x00,0x03,0x00,0x00,0x07,0x0F,0x00,0xC0,0x1F,0x1C,0x00,0xC0,0x18,0x18,0x00,0x60,0x38,0x38,0x00,0x60,0x30,0x30,0x00,0x60,0x30,0x30,0x00,0x60,0x30,0x30,0x00,0x60,0x30,0x30,0x00,0x60,0x70,0x30,0x00,0xC0,0x60,0x18,0x00,0xC0,0xE1,0x18,0x00,0x80,0xC3,0x0F,0x00,0x00,0x83,0x07, // 83
  0x60,0x00,0x00,0x00,0x60,0x00,0x00,0x00,0x60,0x00,0x00,0x00,0x60,0x00,0x00,0x00,0x60,0x00,0x00,0x00,0x60,0x00,0x00,0x00,0xE0,0xFF,0x3F,0x00,0xE0,0xFF,0x3F,0x00,0x60,0x00,0x00,0x00,0x60,0x00,0x00,0x00,0x60,0x00,0x00,0x00,0x60,0x00,0x00,0x00,0x60,0x00,0x00,0x00,0x60, // 84
  0x00,0x00,0x00,0x00,0x00,0x00,0x00,0x00,0xE0,0xFF,0x03,0x00,0xE0,0xFF,0x0F,0x00,0x00,0x00,0x1C,0x00,0x00,0x00,0x38,0x00,0x00,0x00,0x30,0x00,0x00,0x00,0x30,0x00,0x00,0x00,0x30,0x00,0x00,0x00,0x30,0x00,0x00,0x00,0x30,0x00,0x00,0x00,0x38,0x00,0x00,0x00,0x1C,0x00,0xE0,0xFF,0x0F,0x00,0xE0,0xFF,0x03, // 85
  0x20,0x00,0x00,0x00,0xE0,0x01,0x00,0x00,0xC0,0x0F,0x00,0x00,0x00,0x3E,0x00,0x00,0x00,0xF8,0x01,0x00,0x00,0xC0,0x0F,0x00,0x00,0x00,0x3E,0x00,0x00,0x00,0x38,0x00,0x00,0x00,0x3E,0x00,0x00,0xC0,0x0F,0x00,0x00,0xF8,0x01,0x00,0x00,0x3E,0x00,0x00,0xC0,0x0F,0x00,0x00,0xE0,0x01,0x00,0x00,0x20, // 86
  0x60,0x00,0x00,0x00,0xE0,0x07,0x00,0x00,0x80,0xFF,0x00,0x00,0x00,0xF8,0x0F,0x00,0x00,0x80,0x3F,0x00,0x00,0x00,0x30,0x00,0x00,0x00,0x3F,0x00,0x00,0xE0,0x0F,0x00,0x00,0xFC,0x01,0x00,0x80,0x1F,0x00,0x00,0xE0,0x03,0x00,0x00,0x60,0x00,0x00,0x00,0xE0,0x03,0x00,0x00,0x80,0x1F,0x00,0x00,0x00,0xFC,0x01,0x00,0x00,0xE0,0x0F,0x00,0x00,0x00,0x3F,0x00,0x00,0x00,0x30,0x00,0x00,0x80,0x3F,0x00,0x00,0xF8,0x0F,0x00,0x80,0xFF,0x00,0x00,0xE0,0x07,0x00,0x00,0x60, // 87
  0x00,0x00,0x20,0x00,0x20,0x00,0x30,0x00,0x60,0x00,0x3C,0x00,0xE0,0x01,0x1E,0x00,0xC0,0x83,0x07,0x00,0x00,0xCF,0x03,0x00,0x00,0xFE,0x01,0x00,0x00,0x38,0x00,0x00,0x00,0xFE,0x01,0x00,0x00,0xCF,0x03,0x00,0xC0,0x03,0x07,0x00,0xE0,0x01,0x1E,0x00,0x60,0x00,0x3C,0x00,0x20,0x00,0x30,0x00,0x00,0x00,0x20, // 88
  0x20,0x00,0x00,0x00,0x60,0x00,0x00,0x00,0xC0,0x01,0x00,0x00,0x80,0x03,0x00,0x00,0x00,0x07,0x00,0x00,0x00,0x1E,0x00,0x00,0x00,0x3C,0x00,0x00,0x00,0xF0,0x3F,0x00,0x00,0xF0,0x3F,0x00,0x00,0x3C,0x00,0x00,0x00,0x1E,0x00,0x00,0x00,0x07,0x00,0x00,0xC0,0x03,0x00,0x00,0xE0,0x01,0x00,0x00,0x60,0x00,0x00,0x00,0x20, // 89
  0x00,0x00,0x30,0x00,0x60,0x00,0x38,0x00,0x60,0x00,0x3C,0x00,0x60,0x00,0x37,0x00,0x60,0x80,0x33,0x00,0x60,0xC0,0x31,0x00,0x60,0xE0,0x30,0x00,0x60,0x38,0x30,0x00,0x60,0x1C,0x30,0x00,0x60,0x0E,0x30,0x00,0x60,0x07,0x30,0x00,0xE0,0x01,0x30,0x00,0xE0,0x00,0x30,0x00,0x60,0x00,0x30, // 90
  0x00,0x00,0x00,0x00,0xE0,0xFF,0xFF,0x07,0xE0,0xFF,0xFF,0x07,0x60,0x00,0x00,0x06,0x60,0x00,0x00,0x06,  // 91
  0x60,0x00,0x00,0x00,0xE0,0x03,0x00,0x00,0x80,0x3F,0x00,0x00,0x00,0xFC,0x01,0x00,0x00,0xE0,0x0F,0x00,0x00,0x00,0x3E,0x00,0x00,0x00,0x30, // 92
  0x00,0x00,0x00,0x00,0x00,0x00,0x00,0x00,0x60,0x00,0x00,0x06,0x60,0x00,0x00,0x06,0xE0,0xFF,0xFF,0x07,0xE0,0xFF,0xFF,0x07,  // 93
  0x00,0x00,0x00,0x00,0x00,0x20,0x00,0x00,0x00,0x38,0x00,0x00,0x00,0x1F,0x00,0x00,0xC0,0x07,0x00,0x00,0xE0,0x00,0x00,0x00,0xE0,0x00,0x00,0x00,0xC0,0x07,0x00,0x00,0x00,0x1F,0x00,0x00,0x00,0x38,0x00,0x00,0x00,0x20,  // 94
  0x00,0x00,0x00,0x06,0x00,0x00,0x00,0x06,0x00,0x00,0x00,0x06,0x00,0x00,0x00,0x06,0x00,0x00,0x00,0x06,0x00,0x00,0x00,0x06,0x00,0x00,0x00,0x06,0x00,0x00,0x00,0x06,0x00,0x00,0x00,0x06,0x00,0x00,0x00,0x06,0x00,0x00,0x00,0x06,0x00,0x00,0x00,0x06,0x00,0x00,0x00,0x06,  // 95
  0x00,0x00,0x00,0x00,0x20,0x00,0x00,0x00,0x60,0x00,0x00,0x00,0xE0,0x00,0x00,0x00,0x80, // 96
  0x00,0x00,0x00,0x00,0x00,0x18,0x0E,0x00,0x00,0x1C,0x1F,0x00,0x00,0x8C,0x39,0x00,0x00,0x86,0x31,0x00,0x00,0x86,0x31,0x00,0x00,0xC6,0x30,0x00,0x00,0xC6,0x18,0x00,0x00,0xCE,0x0C,0x00,0x00,0xFC,0x1F,0x00,0x00,0xF8,0x3F,0x00,0x00,0x00,0x20, // 97
  0x00,0x00,0x00,0x00,0x00,0x00,0x00,0x00,0xE0,0xFF,0x3F,0x00,0xE0,0xFF,0x3F,0x00,0x00,0x18,0x0C,0x00,0x00,0x0C,0x18,0x00,0x00,0x06,0x30,0x00,0x00,0x06,0x30,0x00,0x00,0x06,0x30,0x00,0x00,0x0E,0x38,0x00,0x00,0x1C,0x1C,0x00,0x00,0xF8,0x0F,0x00,0x00,0xE0,0x03, // 98
  0x00,0x00,0x00,0x00,0x00,0xF0,0x07,0x00,0x00,0xF8,0x0F,0x00,0x00,0x1C,0x1C,0x00,0x00,0x0E,0x38,0x00,0x00,0x06,0x30,0x00,0x00,0x06,0x30,0x00,0x00,0x06,0x30,0x00,0x00,0x0E,0x38,0x00,0x00,0x1C,0x1C,0x00,0x00,0x18,0x0C, // 99
  0x00,0x00,0x00,0x00,0x00,0xE0,0x03,0x00,0x00,0xF8,0x0F,0x00,0x00,0x1C,0x1C,0x00,0x00,0x0E,0x38,0x00,0x00,0x06,0x30,0x00,0x00,0x06,0x30,0x00,0x00,0x06,0x30,0x00,0x00,0x0C,0x18,0x00,0x00,0x18,0x0C,0x00,0xE0,0xFF,0x3F,0x00,0xE0,0xFF,0x3F, // 100
  0x00,0x00,0x00,0x00,0x00,0xE0,0x07,0x00,0x00,0xF8,0x0F,0x00,0x00,0xDC,0x1C,0x00,0x00,0xCE,0x38,0x00,0x00,0xC6,0x30,0x00,0x00,0xC6,0x30,0x00,0x00,0xC6,0x30,0x00,0x00,0xCE,0x38,0x00,0x00,0xDC,0x18,0x00,0x00,0xF8,0x0C,0x00,0x00,0xF0,0x04, // 101
  0x00,0x06,0x00,0x00,0x00,0x06,0x00,0x00,0xC0,0xFF,0x3F,0x00,0xE0,0xFF,0x3F,0x00,0x60,0x06,0x00,0x00,0x60,0x06,0x00,0x00,0x60,0x06,  // 102
  0x00,0x00,0x00,0x00,0x00,0xE0,0x83,0x01,0x00,0xF8,0x8F,0x03,0x00,0x1C,0x1C,0x07,0x00,0x0E,0x38,0x06,0x00,0x06,0x30,0x06,0x00,0x06,0x30,0x06,0x00,0x06,0x30,0x06,0x00,0x0C,0x18,0x07,0x00,0x18,0x8C,0x03,0x00,0xFE,0xFF,0x01,0x00,0xFE,0xFF, // 103
  0x00,0x00,0x00,0x00,0x00,0x00,0x00,0x00,0xE0,0xFF,0x3F,0x00,0xE0,0xFF,0x3F,0x00,0x00,0x18,0x00,0x00,0x00,0x0C,0x00,0x00,0x00,0x06,0x00,0x00,0x00,0x06,0x00,0x00,0x00,0x06,0x00,0x00,0x00,0x0E,0x00,0x00,0x00,0xFC,0x3F,0x00,0x00,0xF8,0x3F, // 104
  0x00,0x00,0x00,0x00,0x00,0x00,0x00,0x00,0x60,0xFE,0x3F,0x00,0x60,0xFE,0x3F, // 105
  0x00,0x00,0x00,0x06,0x00,0x00,0x00,0x06,0x60,0xFE,0xFF,0x07,0x60,0xFE,0xFF,0x03,  // 106
  0x00,0x00,0x00,0x00,0x00,0x00,0x00,0x00,0xE0,0xFF,0x3F,0x00,0xE0,0xFF,0x3F,0x00,0x00,0xC0,0x00,0x00,0x00,0xE0,0x00,0x00,0x00,0xF0,0x01,0x00,0x00,0x98,0x07,0x00,0x00,0x0C,0x0E,0x00,0x00,0x06,0x3C,0x00,0x00,0x02,0x30,0x00,0x00,0x00,0x20, // 107
  0x00,0x00,0x00,0x00,0x00,0x00,0x00,0x00,0xE0,0xFF,0x3F,0x00,0xE0,0xFF,0x3F, // 108
  0x00,0x00,0x00,0x00,0x00,0x00,0x00,0x00,0x00,0xFE,0x3F,0x00,0x00,0xFE,0x3F,0x00,0x00,0x0C,0x00,0x00,0x00,0x04,0x00,0x00,0x00,0x06,0x00,0x00,0x00,0x06,0x00,0x00,0x00,0x0E,0x00,0x00,0x00,0xFC,0x3F,0x00,0x00,0xF8,0x3F,0x00,0x00,0x0C,0x00,0x00,0x00,0x04,0x00,0x00,0x00,0x06,0x00,0x00,0x00,0x06,0x00,0x00,0x00,0x0E,0x00,0x00,0x00,0xFC,0x3F,0x00,0x00,0xF8,0x3F, // 109
  0x00,0x00,0x00,0x00,0x00,0x00,0x00,0x00,0x00,0xFE,0x3F,0x00,0x00,0xFE,0x3F,0x00,0x00,0x18,0x00,0x00,0x00,0x0C,0x00,0x00,0x00,0x06,0x00,0x00,0x00,0x06,0x00,0x00,0x00,0x06,0x00,0x00,0x00,0x0E,0x00,0x00,0x00,0xFC,0x3F,0x00,0x00,0xF8,0x3F, // 110
  0x00,0x00,0x00,0x00,0x00,0xF0,0x07,0x00,0x00,0xF8,0x0F,0x00,0x00,0x1C,0x1C,0x00,0x00,0x0E,0x38,0x00,0x00,0x06,0x30,0x00,0x00,0x06,0x30,0x00,0x00,0x06,0x30,0x00,0x00,0x0E,0x38,0x00,0x00,0x1C,0x1C,0x00,0x00,0xF8,0x0F,0x00,0x00,0xF0,0x07, // 111
  0x00,0x00,0x00,0x00,0x00,0x00,0x00,0x00,0x00,0xFE,0xFF,0x07,0x00,0xFE,0xFF,0x07,0x00,0x18,0x0C,0x00,0x00,0x0C,0x18,0x00,0x00,0x06,0x30,0x00,0x00,0x06,0x30,0x00,0x00,0x06,0x30,0x00,0x00,0x0E,0x38,0x00,0x00,0x1C,0x1C,0x00,0x00,0xF8,0x0F,0x00,0x00,0xE0,0x03, // 112
  0x00,0x00,0x00,0x00,0x00,0xE0,0x03,0x00,0x00,0xF8,0x0F,0x00,0x00,0x1C,0x1C,0x00,0x00,0x0E,0x38,0x00,0x00,0x06,0x30,0x00,0x00,0x06,0x30,0x00,0x00,0x06,0x30,0x00,0x00,0x0C,0x18,0x00,0x00,0x18,0x0C,0x00,0x00,0xFE,0xFF,0x07,0x00,0xFE,0xFF,0x07,  // 113
  0x00,0x00,0x00,0x00,0x00,0x00,0x00,0x00,0x00,0xFE,0x3F,0x00,0x00,0xFE,0x3F,0x00,0x00,0x0C,0x00,0x00,0x00,0x06,0x00,0x00,0x00,0x06,0x00,0x00,0x00,0x06,  // 114
  0x00,0x00,0x00,0x00,0x00,0x38,0x0C,0x00,0x00,0x7C,0x1C,0x00,0x00,0xEE,0x38,0x00,0x00,0xC6,0x30,0x00,0x00,0xC6,0x30,0x00,0x00,0xC6,0x31,0x00,0x00,0xC6,0x31,0x00,0x00,0x8E,0x39,0x00,0x00,0x9C,0x1F,0x00,0x00,0x18,0x0F, // 115
  0x00,0x06,0x00,0x00,0x00,0x06,0x00,0x00,0xC0,0xFF,0x1F,0x00,0xE0,0xFF,0x3F,0x00,0x00,0x06,0x30,0x00,0x00,0x06,0x30,0x00,0x00,0x06,0x30, // 116
  0x00,0x00,0x00,0x00,0x00,0x00,0x00,0x00,0x00,0xFE,0x0F,0x00,0x00,0xFE,0x1F,0x00,0x00,0x00,0x38,0x00,0x00,0x00,0x30,0x00,0x00,0x00,0x30,0x00,0x00,0x00,0x30,0x00,0x00,0x00,0x18,0x00,0x00,0x00,0x0C,0x00,0x00,0xFE,0x3F,0x00,0x00,0xFE,0x3F, // 117
  0x00,0x06,0x00,0x00,0x00,0x3E,0x00,0x00,0x00,0xF8,0x00,0x00,0x00,0xC0,0x07,0x00,0x00,0x00,0x1F,0x00,0x00,0x00,0x38,0x00,0x00,0x00,0x1F,0x00,0x00,0xC0,0x07,0x00,0x00,0xF8,0x00,0x00,0x00,0x3E,0x00,0x00,0x00,0x06,  // 118
  0x00,0x0E,0x00,0x00,0x00,0x7E,0x00,0x00,0x00,0xF0,0x03,0x00,0x00,0x80,0x1F,0x00,0x00,0x00,0x38,0x00,0x00,0x80,0x1F,0x00,0x00,0xE0,0x03,0x00,0x00,0x7C,0x00,0x00,0x00,0x0E,0x00,0x00,0x00,0x7C,0x00,0x00,0x00,0xE0,0x03,0x00,0x00,0x80,0x1F,0x00,0x00,0x00,0x38,0x00,0x00,0x80,0x1F,0x00,0x00,0xF0,0x03,0x00,0x00,0x7E,0x00,0x00,0x00,0x0E,  // 119
  0x00,0x02,0x20,0x00,0x00,0x06,0x30,0x00,0x00,0x1E,0x3C,0x00,0x00,0x38,0x0E,0x00,0x00,0xF0,0x07,0x00,0x00,0xC0,0x01,0x00,0x00,0xE0,0x07,0x00,0x00,0x38,0x0E,0x00,0x00,0x1C,0x3C,0x00,0x00,0x0E,0x30,0x00,0x00,0x02,0x20, // 120
  0x00,0x00,0x00,0x00,0x00,0x0E,0x00,0x00,0x00,0x7E,0x00,0x06,0x00,0xF0,0x01,0x06,0x00,0x80,0x0F,0x07,0x00,0x00,0xFE,0x03,0x00,0x00,0xFC,0x00,0x00,0xC0,0x1F,0x00,0x00,0xF8,0x03,0x00,0x00,0x3E,0x00,0x00,0x00,0x06,  // 121
  0x00,0x00,0x00,0x00,0x00,0x00,0x30,0x00,0x00,0x06,0x3C,0x00,0x00,0x06,0x3E,0x00,0x00,0x06,0x37,0x00,0x00,0xC6,0x33,0x00,0x00,0xE6,0x30,0x00,0x00,0x76,0x30,0x00,0x00,0x3E,0x30,0x00,0x00,0x1E,0x30,0x00,0x00,0x06,0x30, // 122
  0x00,0x00,0x00,0x00,0x00,0x80,0x01,0x00,0x00,0xC0,0x03,0x00,0xC0,0x7F,0xFE,0x03,0xE0,0x3F,0xFC,0x07,0x60,0x00,0x00,0x06,0x60,0x00,0x00,0x06,  // 123
  0x00,0x00,0x00,0x00,0x00,0x00,0x00,0x00,0xE0,0xFF,0xFF,0x0F,0xE0,0xFF,0xFF,0x0F,  // 124
  0x00,0x00,0x00,0x00,0x60,0x00,0x00,0x06,0x60,0x00,0x00,0x06,0xE0,0x3F,0xFC,0x07,0xC0,0x7F,0xFF,0x03,0x00,0xC0,0x03,0x00,0x00,0x80,0x01, // 125
  0x00,0x00,0x00,0x00,0x00,0x60,0x00,0x00,0x00,0x70,0x00,0x00,0x00,0x30,0x00,0x00,0x00,0x30,0x00,0x00,0x00,0x30,0x00,0x00,0x00,0x60,0x00,0x00,0x00,0x60,0x00,0x00,0x00,0xC0,0x00,0x00,0x00,0xC0,0x00,0x00,0x00,0xC0,0x00,0x00,0x00,0xE0,0x00,0x00,0x00,0x60,  // 126
  0x00,0x00,0x00,0x00,0x00,0x00,0x00,0x00,0x00,0x00,0x00,0x00,0x00,0xE6,0xFF,0x07,0x00,0xE6,0xFF,0x07,  // 161
  0x00,0x00,0x00,0x00,0x00,0xE0,0x07,0x00,0x00,0xF8,0x0F,0x00,0x00,0x1C,0x9C,0x07,0x00,0x0E,0x78,0x00,0x00,0x06,0x3F,0x00,0x00,0xF6,0x30,0x00,0x00,0x0E,0x30,0x00,0xE0,0x0D,0x1C,0x00,0x00,0x1C,0x0E,0x00,0x00,0x10,0x06, // 162
  0x00,0x60,0x10,0x00,0x00,0x60,0x38,0x00,0x00,0x7F,0x1C,0x00,0xC0,0xFF,0x1F,0x00,0xE0,0xE0,0x19,0x00,0x60,0x60,0x18,0x00,0x60,0x60,0x18,0x00,0x60,0x60,0x30,0x00,0xE0,0x00,0x30,0x00,0xC0,0x01,0x30,0x00,0x80,0x01,0x38,0x00,0x00,0x00,0x10, // 163
  0x00,0x00,0x00,0x00,0x00,0x02,0x04,0x00,0x00,0xF7,0x0E,0x00,0x00,0xFE,0x07,0x00,0x00,0x0C,0x03,0x00,0x00,0x06,0x06,0x00,0x00,0x06,0x06,0x00,0x00,0x06,0x06,0x00,0x00,0x06,0x06,0x00,0x00,0x0C,0x03,0x00,0x00,0xFE,0x07,0x00,0x00,0xF7,0x0E,0x00,0x00,0x02,0x04, // 164
  0xE0,0x60,0x06,0x00,0xC0,0x61,0x06,0x00,0x80,0x67,0x06,0x00,0x00,0x7E,0x06,0x00,0x00,0x7C,0x06,0x00,0x00,0xF0,0x3F,0x00,0x00,0xF0,0x3F,0x00,0x00,0x7C,0x06,0x00,0x00,0x7E,0x06,0x00,0x80,0x67,0x06,0x00,0xC0,0x61,0x06,0x00,0xE0,0x60,0x06,0x00,0x20, // 165
  0x00,0x00,0x00,0x00,0x00,0x00,0x00,0x00,0xE0,0x7F,0xF8,0x0F,0xE0,0x7F,0xF8,0x0F,  // 166
  0x00,0x00,0x00,0x00,0x00,0xE0,0x00,0x00,0x80,0xF3,0xC1,0x00,0xC0,0x1F,0xC3,0x03,0xE0,0x0C,0x07,0x03,0x60,0x1C,0x06,0x06,0x60,0x18,0x0C,0x06,0x60,0x30,0x1C,0x06,0xE0,0x70,0x38,0x07,0xC0,0xE1,0xF4,0x03,0x80,0xC1,0xE7,0x01,0x00,0x80,0x03, // 167
  0x00,0x00,0x00,0x00,0x60,0x00,0x00,0x00,0x60,0x00,0x00,0x00,0x00,0x00,0x00,0x00,0x00,0x00,0x00,0x00,0x60,0x00,0x00,0x00,0x60, // 168
  0x00,0xF8,0x00,0x00,0x00,0xFE,0x03,0x00,0x00,0x07,0x07,0x00,0x80,0x01,0x0C,0x00,0xC0,0x79,0x1C,0x00,0xC0,0xFE,0x19,0x00,0x60,0x86,0x31,0x00,0x60,0x03,0x33,0x00,0x60,0x03,0x33,0x00,0x60,0x03,0x33,0x00,0x60,0x03,0x33,0x00,0x60,0x87,0x33,0x00,0xC0,0x86,0x19,0x00,0xC0,0x85,0x1C,0x00,0x80,0x01,0x0C,0x00,0x00,0x07,0x07,0x00,0x00,0xFE,0x03,0x00,0x00,0xF8,  // 169
  0x00,0x00,0x00,0x00,0xC0,0x1C,0x00,0x00,0xE0,0x3E,0x00,0x00,0x60,0x32,0x00,0x00,0x60,0x32,0x00,0x00,0xE0,0x3F,0x00,0x00,0xC0,0x3F,  // 170
  0x00,0x00,0x00,0x00,0x00,0x80,0x00,0x00,0x00,0xE0,0x03,0x00,0x00,0x78,0x0F,0x00,0x00,0x1C,0x1C,0x00,0x00,0x84,0x10,0x00,0x00,0xE0,0x03,0x00,0x00,0x78,0x0F,0x00,0x00,0x1C,0x1C,0x00,0x00,0x04,0x10, // 171
  0x00,0x00,0x00,0x00,0x00,0x0C,0x00,0x00,0x00,0x0C,0x00,0x00,0x00,0x0C,0x00,0x00,0x00,0x0C,0x00,0x00,0x00,0x0C,0x00,0x00,0x00,0x0C,0x00,0x00,0x00,0x0C,0x00,0x00,0x00,0x0C,0x00,0x00,0x00,0x0C,0x00,0x00,0x00,0xFC,0x01,0x00,0x00,0xFC,0x01, // 172
  0x00,0x80,0x01,0x00,0x00,0x80,0x01,0x00,0x00,0x80,0x01,0x00,0x00,0x80,0x01,0x00,0x00,0x80,0x01,0x00,0x00,0x80,0x01,0x00,0x00,0x80,0x01, // 173
  0x00,0xF8,0x00,0x00,0x00,0xFE,0x03,0x00,0x00,0x07,0x07,0x00,0x80,0x01,0x0C,0x00,0xC0,0x01,0x1C,0x00,0xC0,0xFE,0x1B,0x00,0x60,0xFE,0x33,0x00,0x60,0x66,0x30,0x00,0x60,0x66,0x30,0x00,0x60,0xE6,0x30,0x00,0x60,0xFE,0x31,0x00,0x60,0x3C,0x33,0x00,0xC0,0x00,0x1A,0x00,0xC0,0x01,0x1C,0x00,0x80,0x01,0x0C,0x00,0x00,0x07,0x07,0x00,0x00,0xFE,0x03,0x00,0x00,0xF8,  // 174
  0x0C,0x00,0x00,0x00,0x0C,0x00,0x00,0x00,0x0C,0x00,0x00,0x00,0x0C,0x00,0x00,0x00,0x0C,0x00,0x00,0x00,0x0C,0x00,0x00,0x00,0x0C,0x00,0x00,0x00,0x0C,0x00,0x00,0x00,0x0C,0x00,0x00,0x00,0x0C,0x00,0x00,0x00,0x0C,0x00,0x00,0x00,0x0C,0x00,0x00,0x00,0x0C, // 175
  0x00,0x00,0x00,0x00,0x80,0x03,0x00,0x00,0x40,0x04,0x00,0x00,0x20,0x08,0x00,0x00,0x20,0x08,0x00,0x00,0x20,0x08,0x00,0x00,0x40,0x04,0x00,0x00,0x80,0x03,  // 176
  0x00,0x00,0x00,0x00,0x00,0x60,0x30,0x00,0x00,0x60,0x30,0x00,0x00,0x60,0x30,0x00,0x00,0x60,0x30,0x00,0x00,0x60,0x30,0x00,0x00,0xFF,0x3F,0x00,0x00,0xFF,0x3F,0x00,0x00,0x60,0x30,0x00,0x00,0x60,0x30,0x00,0x00,0x60,0x30,0x00,0x00,0x60,0x30,0x00,0x00,0x60,0x30, // 177
  0x40,0x20,0x00,0x00,0x60,0x30,0x00,0x00,0x20,0x38,0x00,0x00,0x20,0x2C,0x00,0x00,0x20,0x26,0x00,0x00,0xE0,0x23,0x00,0x00,0xC0,0x21,  // 178
  0x40,0x10,0x00,0x00,0x60,0x30,0x00,0x00,0x20,0x20,0x00,0x00,0x20,0x22,0x00,0x00,0x20,0x22,0x00,0x00,0xE0,0x3D,0x00,0x00,0xC0,0x1D,  // 179
  0x00,0x00,0x00,0x00,0x00,0x00,0x00,0x00,0x00,0x00,0x00,0x00,0x80,0x00,0x00,0x00,0xE0,0x00,0x00,0x00,0x60,0x00,0x00,0x00,0x20, // 180
  0x00,0x00,0x00,0x00,0x00,0x00,0x00,0x00,0x00,0xFE,0xFF,0x07,0x00,0xFE,0xFF,0x07,0x00,0x00,0x1C,0x00,0x00,0x00,0x30,0x00,0x00,0x00,0x30,0x00,0x00,0x00,0x30,0x00,0x00,0x00,0x30,0x00,0x00,0x00,0x1C,0x00,0x00,0xFE,0x3F,0x00,0x00,0xFE,0x3F, // 181
  0x00,0x0F,0x00,0x00,0xC0,0x3F,0x00,0x00,0xC0,0x3F,0x00,0x00,0xE0,0x7F,0x00,0x00,0xE0,0x7F,0x00,0x00,0xE0,0xFF,0xFF,0x07,0xE0,0xFF,0xFF,0x07,0x60,0x00,0x00,0x00,0x60,0x00,0x00,0x00,0xE0,0xFF,0xFF,0x07,0xE0,0xFF,0xFF,0x07,0x60,0x00,0x00,0x00,0x60, // 182
  0x00,0x00,0x00,0x00,0x00,0x00,0x00,0x00,0x00,0x00,0x00,0x00,0x00,0x60,0x00,0x00,0x00,0x60,  // 183
  0x00,0x00,0x00,0x00,0x00,0x00,0x00,0x02,0x00,0x00,0x00,0x02,0x00,0x00,0xC0,0x02,0x00,0x00,0x80,0x03,0x00,0x00,0x00,0x01,  // 184
  0x00,0x00,0x00,0x00,0x80,0x01,0x00,0x00,0xC0,0x00,0x00,0x00,0xC0,0x00,0x00,0x00,0xE0,0x3F,0x00,0x00,0xE0,0x3F,  // 185
  0x00,0x00,0x00,0x00,0x80,0x0F,0x00,0x00,0xC0,0x1F,0x00,0x00,0xE0,0x38,0x00,0x00,0x60,0x30,0x00,0x00,0xE0,0x38,0x00,0x00,0xC0,0x1F,0x00,0x00,0x80,0x0F,  // 186
  0x00,0x00,0x00,0x00,0x00,0x00,0x00,0x00,0x00,0x00,0x00,0x00,0x00,0x04,0x10,0x00,0x00,0x1C,0x1C,0x00,0x00,0x78,0x0F,0x00,0x00,0xE0,0x03,0x00,0x00,0x84,0x10,0x00,0x00,0x1C,0x1C,0x00,0x00,0x78,0x0F,0x00,0x00,0xE0,0x03,0x00,0x00,0x80,  // 187
  0x00,0x00,0x00,0x00,0x80,0x01,0x00,0x00,0xC0,0x00,0x00,0x00,0xC0,0x00,0x20,0x00,0xE0,0x3F,0x38,0x00,0xE0,0x3F,0x1C,0x00,0x00,0x00,0x0E,0x00,0x00,0x80,0x03,0x00,0x00,0xC0,0x01,0x00,0x00,0xE0,0x00,0x00,0x00,0x38,0x00,0x00,0x00,0x1C,0x00,0x00,0x00,0x0E,0x00,0x00,0x00,0x07,0x0C,0x00,0xC0,0x01,0x0E,0x00,0xE0,0x80,0x0B,0x00,0x60,0xC0,0x08,0x00,0x00,0xE0,0x3F,0x00,0x00,0xE0,0x3F,0x00,0x00,0x00,0x08, // 188
  0x00,0x00,0x00,0x00,0x80,0x01,0x00,0x00,0xC0,0x00,0x00,0x00,0xC0,0x00,0x20,0x00,0xE0,0x3F,0x30,0x00,0xE0,0x3F,0x1C,0x00,0x00,0x00,0x0E,0x00,0x00,0x00,0x07,0x00,0x00,0xC0,0x01,0x00,0x00,0xE0,0x00,0x00,0x00,0x70,0x00,0x00,0x00,0x1C,0x00,0x00,0x00,0x4E,0x20,0x00,0x00,0x67,0x30,0x00,0xC0,0x21,0x38,0x00,0xE0,0x20,0x2C,0x00,0x60,0x20,0x26,0x00,0x00,0xE0,0x27,0x00,0x00,0xC0,0x21, // 189
  0x40,0x10,0x00,0x00,0x60,0x30,0x00,0x00,0x20,0x20,0x00,0x00,0x20,0x22,0x20,0x00,0x20,0x22,0x30,0x00,0xE0,0x3D,0x38,0x00,0xC0,0x1D,0x0E,0x00,0x00,0x00,0x07,0x00,0x00,0x80,0x03,0x00,0x00,0xE0,0x00,0x00,0x00,0x70,0x00,0x00,0x00,0x38,0x00,0x00,0x00,0x0E,0x0C,0x00,0x00,0x07,0x0E,0x00,0x80,0x83,0x0B,0x00,0xE0,0xC0,0x08,0x00,0x60,0xE0,0x3F,0x00,0x20,0xE0,0x3F,0x00,0x00,0x00,0x08, // 190
  0x00,0x00,0x00,0x00,0x00,0x00,0x00,0x00,0x00,0x00,0xF0,0x00,0x00,0x00,0xF8,0x03,0x00,0x00,0x1E,0x03,0x00,0x00,0x07,0x07,0x00,0xE6,0x03,0x06,0x00,0xE6,0x01,0x06,0x00,0x00,0x00,0x06,0x00,0x00,0x00,0x07,0x00,0x00,0x80,0x03,0x00,0x00,0xC0,0x01,0x00,0x00,0xC0, // 191
  0x00,0x00,0x30,0x00,0x00,0x00,0x3E,0x00,0x00,0x80,0x0F,0x00,0x00,0xF0,0x03,0x00,0x00,0xFE,0x01,0x00,0x82,0x8F,0x01,0x00,0xE6,0x83,0x01,0x00,0x6E,0x80,0x01,0x00,0xE8,0x83,0x01,0x00,0x80,0x8F,0x01,0x00,0x00,0xFE,0x01,0x00,0x00,0xF0,0x03,0x00,0x00,0x80,0x0F,0x00,0x00,0x00,0x3E,0x00,0x00,0x00,0x30, // 192
  0x00,0x00,0x30,0x00,0x00,0x00,0x3E,0x00,0x00,0x80,0x0F,0x00,0x00,0xF0,0x03,0x00,0x00,0xFE,0x01,0x00,0x80,0x8F,0x01,0x00,0xE8,0x83,0x01,0x00,0x6E,0x80,0x01,0x00,0xE6,0x83,0x01,0x00,0x82,0x8F,0x01,0x00,0x00,0xFE,0x01,0x00,0x00,0xF0,0x03,0x00,0x00,0x80,0x0F,0x00,0x00,0x00,0x3E,0x00,0x00,0x00,0x30, // 193
  0x00,0x00,0x30,0x00,0x00,0x00,0x3E,0x00,0x00,0x80,0x0F,0x00,0x00,0xF0,0x03,0x00,0x00,0xFE,0x01,0x00,0x88,0x8F,0x01,0x00,0xEC,0x83,0x01,0x00,0x66,0x80,0x01,0x00,0xE6,0x83,0x01,0x00,0x8C,0x8F,0x01,0x00,0x08,0xFE,0x01,0x00,0x00,0xF0,0x03,0x00,0x00,0x80,0x0F,0x00,0x00,0x00,0x3E,0x00,0x00,0x00,0x30, // 194
  0x00,0x00,0x30,0x00,0x00,0x00,0x3E,0x00,0x00,0x80,0x0F,0x00,0x00,0xF0,0x03,0x00,0x0C,0xFE,0x01,0x00,0x8E,0x8F,0x01,0x00,0xE6,0x83,0x01,0x00,0x66,0x80,0x01,0x00,0xEC,0x83,0x01,0x00,0x8C,0x8F,0x01,0x00,0x0E,0xFE,0x01,0x00,0x06,0xF0,0x03,0x00,0x00,0x80,0x0F,0x00,0x00,0x00,0x3E,0x00,0x00,0x00,0x30, // 195
  0x00,0x00,0x30,0x00,0x00,0x00,0x3E,0x00,0x00,0x80,0x0F,0x00,0x00,0xF0,0x03,0x00,0x00,0xFE,0x01,0x00,0x8C,0x8F,0x01,0x00,0xEC,0x83,0x01,0x00,0x60,0x80,0x01,0x00,0xE0,0x83,0x01,0x00,0x8C,0x8F,0x01,0x00,0x0C,0xFE,0x01,0x00,0x00,0xF0,0x03,0x00,0x00,0x80,0x0F,0x00,0x00,0x00,0x3E,0x00,0x00,0x00,0x30, // 196
  0x00,0x00,0x30,0x00,0x00,0x00,0x3E,0x00,0x00,0x80,0x0F,0x00,0x00,0xF0,0x03,0x00,0x00,0xFE,0x01,0x00,0x9C,0x8F,0x01,0x00,0xE2,0x83,0x01,0x00,0x62,0x80,0x01,0x00,0xE2,0x83,0x01,0x00,0x9C,0x8F,0x01,0x00,0x00,0xFE,0x01,0x00,0x00,0xF0,0x03,0x00,0x00,0x80,0x0F,0x00,0x00,0x00,0x3E,0x00,0x00,0x00,0x30, // 197
  0x00,0x00,0x30,0x00,0x00,0x00,0x3C,0x00,0x00,0x00,0x0F,0x00,0x00,0xC0,0x03,0x00,0x00,0xF0,0x01,0x00,0x00,0xBC,0x01,0x00,0x00,0x8F,0x01,0x00,0xC0,0x83,0x01,0x00,0xE0,0x80,0x01,0x00,0x60,0x80,0x01,0x00,0x60,0x80,0x01,0x00,0xE0,0xFF,0x3F,0x00,0xE0,0xFF,0x3F,0x00,0x60,0x30,0x30,0x00,0x60,0x30,0x30,0x00,0x60,0x30,0x30,0x00,0x60,0x30,0x30,0x00,0x60,0x30,0x30,0x00,0x60,0x30,0x30,0x00,0x60,0x30,0x30,0x00,0x60,0x30,0x30,0x00,0x60,0x30,0x30,0x00,0x60,0x00,0x30, // 198
  0x00,0x00,0x00,0x00,0x00,0xFC,0x01,0x00,0x00,0xFF,0x07,0x00,0x80,0x07,0x0F,0x00,0xC0,0x01,0x1C,0x00,0xC0,0x00,0x18,0x00,0x60,0x00,0x30,0x02,0x60,0x00,0x30,0x02,0x60,0x00,0xF0,0x02,0x60,0x00,0xB0,0x03,0x60,0x00,0x30,0x01,0x60,0x00,0x30,0x00,0xC0,0x00,0x18,0x00,0xC0,0x01,0x1C,0x00,0x80,0x03,0x0F,0x00,0x00,0x02,0x03, // 199
  0x00,0x00,0x00,0x00,0x00,0x00,0x00,0x00,0xE0,0xFF,0x3F,0x00,0xE0,0xFF,0x3F,0x00,0x60,0x30,0x30,0x00,0x60,0x30,0x30,0x00,0x62,0x30,0x30,0x00,0x66,0x30,0x30,0x00,0x6E,0x30,0x30,0x00,0x68,0x30,0x30,0x00,0x60,0x30,0x30,0x00,0x60,0x30,0x30,0x00,0x60,0x30,0x30,0x00,0x60,0x30,0x30,0x00,0x60,0x00,0x30, // 200
  0x00,0x00,0x00,0x00,0x00,0x00,0x00,0x00,0xE0,0xFF,0x3F,0x00,0xE0,0xFF,0x3F,0x00,0x60,0x30,0x30,0x00,0x60,0x30,0x30,0x00,0x60,0x30,0x30,0x00,0x68,0x30,0x30,0x00,0x6E,0x30,0x30,0x00,0x66,0x30,0x30,0x00,0x62,0x30,0x30,0x00,0x60,0x30,0x30,0x00,0x60,0x30,0x30,0x00,0x60,0x30,0x30,0x00,0x60,0x00,0x30, // 201
  0x00,0x00,0x00,0x00,0x00,0x00,0x00,0x00,0xE0,0xFF,0x3F,0x00,0xE0,0xFF,0x3F,0x00,0x60,0x30,0x30,0x00,0x60,0x30,0x30,0x00,0x68,0x30,0x30,0x00,0x6C,0x30,0x30,0x00,0x66,0x30,0x30,0x00,0x66,0x30,0x30,0x00,0x6C,0x30,0x30,0x00,0x68,0x30,0x30,0x00,0x60,0x30,0x30,0x00,0x60,0x30,0x30,0x00,0x60,0x00,0x30, // 202
  0x00,0x00,0x00,0x00,0x00,0x00,0x00,0x00,0xE0,0xFF,0x3F,0x00,0xE0,0xFF,0x3F,0x00,0x60,0x30,0x30,0x00,0x60,0x30,0x30,0x00,0x6C,0x30,0x30,0x00,0x6C,0x30,0x30,0x00,0x60,0x30,0x30,0x00,0x60,0x30,0x30,0x00,0x6C,0x30,0x30,0x00,0x6C,0x30,0x30,0x00,0x60,0x30,0x30,0x00,0x60,0x30,0x30,0x00,0x60,0x00,0x30, // 203
  0x00,0x00,0x00,0x00,0x02,0x00,0x00,0x00,0xE6,0xFF,0x3F,0x00,0xEE,0xFF,0x3F,0x00,0x08, // 204
  0x00,0x00,0x00,0x00,0x08,0x00,0x00,0x00,0xEE,0xFF,0x3F,0x00,0xE6,0xFF,0x3F,0x00,0x02, // 205
  0x08,0x00,0x00,0x00,0x0C,0x00,0x00,0x00,0xE6,0xFF,0x3F,0x00,0xE6,0xFF,0x3F,0x00,0x0C,0x00,0x00,0x00,0x08, // 206
  0x0C,0x00,0x00,0x00,0x0C,0x00,0x00,0x00,0xE0,0xFF,0x3F,0x00,0xE0,0xFF,0x3F,0x00,0x0C,0x00,0x00,0x00,0x0C, // 207
  0x00,0x30,0x00,0x00,0x00,0x30,0x00,0x00,0xE0,0xFF,0x3F,0x00,0xE0,0xFF,0x3F,0x00,0x60,0x30,0x30,0x00,0x60,0x30,0x30,0x00,0x60,0x30,0x30,0x00,0x60,0x30,0x30,0x00,0x60,0x30,0x30,0x00,0x60,0x00,0x30,0x00,0x60,0x00,0x30,0x00,0xE0,0x00,0x18,0x00,0xC0,0x01,0x1C,0x00,0x80,0x03,0x0E,0x00,0x00,0xFF,0x07,0x00,0x00,0xFC,0x01, // 208
  0x00,0x00,0x00,0x00,0x00,0x00,0x00,0x00,0xE0,0xFF,0x3F,0x00,0xE0,0xFF,0x3F,0x00,0xC0,0x01,0x00,0x00,0x8C,0x03,0x00,0x00,0x0E,0x0E,0x00,0x00,0x06,0x3C,0x00,0x00,0x06,0x70,0x00,0x00,0x0C,0xE0,0x01,0x00,0x0C,0x80,0x03,0x00,0x0E,0x00,0x0F,0x00,0x06,0x00,0x1C,0x00,0xE0,0xFF,0x3F,0x00,0xE0,0xFF,0x3F, // 209
  0x00,0x00,0x00,0x00,0x00,0xFC,0x01,0x00,0x00,0xFF,0x07,0x00,0x80,0x07,0x0F,0x00,0xC0,0x01,0x1C,0x00,0xC0,0x00,0x18,0x00,0xE0,0x00,0x38,0x00,0x62,0x00,0x30,0x00,0x66,0x00,0x30,0x00,0x6E,0x00,0x30,0x00,0x68,0x00,0x30,0x00,0x60,0x00,0x30,0x00,0xE0,0x00,0x38,0x00,0xC0,0x00,0x18,0x00,0xC0,0x01,0x1C,0x00,0x80,0x07,0x0F,0x00,0x00,0xFF,0x07,0x00,0x00,0xFC,0x01, // 210
  0x00,0x00,0x00,0x00,0x00,0xFC,0x01,0x00,0x00,0xFF,0x07,0x00,0x80,0x07,0x0F,0x00,0xC0,0x01,0x1C,0x00,0xC0,0x00,0x18,0x00,0xE0,0x00,0x38,0x00,0x60,0x00,0x30,0x00,0x68,0x00,0x30,0x00,0x6E,0x00,0x30,0x00,0x66,0x00,0x30,0x00,0x62,0x00,0x30,0x00,0xE0,0x00,0x38,0x00,0xC0,0x00,0x18,0x00,0xC0,0x01,0x1C,0x00,0x80,0x07,0x0F,0x00,0x00,0xFF,0x07,0x00,0x00,0xFC,0x01, // 211
  0x00,0x00,0x00,0x00,0x00,0xFC,0x01,0x00,0x00,0xFF,0x07,0x00,0x80,0x07,0x0F,0x00,0xC0,0x01,0x1C,0x00,0xC0,0x00,0x18,0x00,0xE0,0x00,0x38,0x00,0x68,0x00,0x30,0x00,0x6C,0x00,0x30,0x00,0x66,0x00,0x30,0x00,0x66,0x00,0x30,0x00,0x6C,0x00,0x30,0x00,0xE8,0x00,0x38,0x00,0xC0,0x00,0x18,0x00,0xC0,0x01,0x1C,0x00,0x80,0x07,0x0F,0x00,0x00,0xFF,0x07,0x00,0x00,0xFC,0x01, // 212
  0x00,0x00,0x00,0x00,0x00,0xFC,0x01,0x00,0x00,0xFF,0x07,0x00,0x80,0x07,0x0F,0x00,0xC0,0x01,0x1C,0x00,0xCC,0x00,0x18,0x00,0xEE,0x00,0x38,0x00,0x66,0x00,0x30,0x00,0x66,0x00,0x30,0x00,0x6C,0x00,0x30,0x00,0x6C,0x00,0x30,0x00,0x6E,0x00,0x30,0x00,0xE6,0x00,0x38,0x00,0xC0,0x00,0x18,0x00,0xC0,0x01,0x1C,0x00,0x80,0x07,0x0F,0x00,0x00,0xFF,0x07,0x00,0x00,0xFC,0x01, // 213
  0x00,0x00,0x00,0x00,0x00,0xFC,0x01,0x00,0x00,0xFF,0x07,0x00,0x80,0x07,0x0F,0x00,0xC0,0x01,0x1C,0x00,0xC0,0x00,0x18,0x00,0xE0,0x00,0x38,0x00,0x6C,0x00,0x30,0x00,0x6C,0x00,0x30,0x00,0x60,0x00,0x30,0x00,0x60,0x00,0x30,0x00,0x6C,0x00,0x30,0x00,0xEC,0x00,0x38,0x00,0xC0,0x00,0x18,0x00,0xC0,0x01,0x1C,0x00,0x80,0x07,0x0F,0x00,0x00,0xFF,0x07,0x00,0x00,0xFC,0x01, // 214
  0x00,0x00,0x00,0x00,0x00,0x00,0x00,0x00,0x00,0x06,0x03,0x00,0x00,0x8E,0x03,0x00,0x00,0xDC,0x01,0x00,0x00,0xF8,0x00,0x00,0x00,0x70,0x00,0x00,0x00,0xF8,0x00,0x00,0x00,0xDC,0x01,0x00,0x00,0x8E,0x03,0x00,0x00,0x06,0x03, // 215
  0x00,0x00,0x00,0x00,0x00,0xFC,0x21,0x00,0x00,0xFF,0x77,0x00,0x80,0x07,0x3F,0x00,0xC0,0x01,0x1E,0x00,0xC0,0x00,0x1F,0x00,0xE0,0x80,0x3B,0x00,0x60,0xC0,0x31,0x00,0x60,0xE0,0x30,0x00,0x60,0x70,0x30,0x00,0x60,0x38,0x30,0x00,0x60,0x1C,0x30,0x00,0xE0,0x0E,0x38,0x00,0xC0,0x07,0x18,0x00,0xC0,0x03,0x1C,0x00,0xE0,0x07,0x0F,0x00,0x70,0xFF,0x07,0x00,0x20,0xFC,0x01, // 216
  0x00,0x00,0x00,0x00,0x00,0x00,0x00,0x00,0xE0,0xFF,0x03,0x00,0xE0,0xFF,0x0F,0x00,0x00,0x00,0x1C,0x00,0x00,0x00,0x38,0x00,0x02,0x00,0x30,0x00,0x06,0x00,0x30,0x00,0x0E,0x00,0x30,0x00,0x08,0x00,0x30,0x00,0x00,0x00,0x30,0x00,0x00,0x00,0x38,0x00,0x00,0x00,0x1C,0x00,0xE0,0xFF,0x0F,0x00,0xE0,0xFF,0x03, // 217
  0x00,0x00,0x00,0x00,0x00,0x00,0x00,0x00,0xE0,0xFF,0x03,0x00,0xE0,0xFF,0x0F,0x00,0x00,0x00,0x1C,0x00,0x00,0x00,0x38,0x00,0x00,0x00,0x30,0x00,0x08,0x00,0x30,0x00,0x0E,0x00,0x30,0x00,0x06,0x00,0x30,0x00,0x02,0x00,0x30,0x00,0x00,0x00,0x38,0x00,0x00,0x00,0x1C,0x00,0xE0,0xFF,0x0F,0x00,0xE0,0xFF,0x03, // 218
  0x00,0x00,0x00,0x00,0x00,0x00,0x00,0x00,0xE0,0xFF,0x03,0x00,0xE0,0xFF,0x0F,0x00,0x00,0x00,0x1C,0x00,0x00,0x00,0x38,0x00,0x08,0x00,0x30,0x00,0x0C,0x00,0x30,0x00,0x06,0x00,0x30,0x00,0x06,0x00,0x30,0x00,0x0C,0x00,0x30,0x00,0x08,0x00,0x38,0x00,0x00,0x00,0x1C,0x00,0xE0,0xFF,0x0F,0x00,0xE0,0xFF,0x03, // 219
  0x00,0x00,0x00,0x00,0x00,0x00,0x00,0x00,0xE0,0xFF,0x03,0x00,0xE0,0xFF,0x0F,0x00,0x00,0x00,0x1C,0x00,0x00,0x00,0x38,0x00,0x0C,0x00,0x30,0x00,0x0C,0x00,0x30,0x00,0x00,0x00,0x30,0x00,0x00,0x00,0x30,0x00,0x0C,0x00,0x30,0x00,0x0C,0x00,0x38,0x00,0x00,0x00,0x1C,0x00,0xE0,0xFF,0x0F,0x00,0xE0,0xFF,0x03, // 220
  0x20,0x00,0x00,0x00,0x60,0x00,0x00,0x00,0xC0,0x01,0x00,0x00,0x80,0x03,0x00,0x00,0x00,0x07,0x00,0x00,0x00,0x1E,0x00,0x00,0x00,0x3C,0x00,0x00,0x08,0xF0,0x3F,0x00,0x0E,0xF0,0x3F,0x00,0x06,0x3C,0x00,0x00,0x02,0x1E,0x00,0x00,0x00,0x07,0x00,0x00,0xC0,0x03,0x00,0x00,0xE0,0x01,0x00,0x00,0x60,0x00,0x00,0x00,0x20, // 221
  0x00,0x00,0x00,0x00,0x00,0x00,0x00,0x00,0xE0,0xFF,0x3F,0x00,0xE0,0xFF,0x3F,0x00,0x00,0x03,0x06,0x00,0x00,0x03,0x06,0x00,0x00,0x03,0x06,0x00,0x00,0x03,0x06,0x00,0x00,0x03,0x06,0x00,0x00,0x03,0x06,0x00,0x00,0x03,0x06,0x00,0x00,0x03,0x07,0x00,0x00,0x86,0x03,0x00,0x00,0xFE,0x01,0x00,0x00,0xF8,  // 222
  0x00,0x00,0x00,0x00,0x00,0x00,0x00,0x00,0x80,0xFF,0x3F,0x00,0xC0,0xFF,0x3F,0x00,0xC0,0x00,0x00,0x00,0x60,0x00,0x08,0x00,0x60,0x00,0x1C,0x00,0x60,0x00,0x38,0x00,0xE0,0x78,0x30,0x00,0xC0,0x7F,0x30,0x00,0x80,0xC7,0x30,0x00,0x00,0x80,0x39,0x00,0x00,0x80,0x1F,0x00,0x00,0x00,0x0F, // 223
  0x00,0x00,0x00,0x00,0x00,0x18,0x0E,0x00,0x00,0x1C,0x1F,0x00,0x00,0x8C,0x39,0x00,0x20,0x86,0x31,0x00,0x60,0x86,0x31,0x00,0xE0,0xC6,0x30,0x00,0x80,0xC6,0x18,0x00,0x00,0xCE,0x0C,0x00,0x00,0xFC,0x1F,0x00,0x00,0xF8,0x3F,0x00,0x00,0x00,0x20, // 224
  0x00,0x00,0x00,0x00,0x00,0x18,0x0E,0x00,0x00,0x1C,0x1F,0x00,0x00,0x8C,0x39,0x00,0x00,0x86,0x31,0x00,0x80,0x86,0x31,0x00,0xE0,0xC6,0x30,0x00,0x60,0xC6,0x18,0x00,0x20,0xCE,0x0C,0x00,0x00,0xFC,0x1F,0x00,0x00,0xF8,0x3F,0x00,0x00,0x00,0x20, // 225
  0x00,0x00,0x00,0x00,0x00,0x18,0x0E,0x00,0x00,0x1C,0x1F,0x00,0x80,0x8C,0x39,0x00,0xC0,0x86,0x31,0x00,0x60,0x86,0x31,0x00,0x60,0xC6,0x30,0x00,0xC0,0xC6,0x18,0x00,0x80,0xCE,0x0C,0x00,0x00,0xFC,0x1F,0x00,0x00,0xF8,0x3F,0x00,0x00,0x00,0x20, // 226
  0x00,0x00,0x00,0x00,0x00,0x18,0x0E,0x00,0xC0,0x1C,0x1F,0x00,0xE0,0x8C,0x39,0x00,0x60,0x86,0x31,0x00,0x60,0x86,0x31,0x00,0xC0,0xC6,0x30,0x00,0xC0,0xC6,0x18,0x00,0xE0,0xCE,0x0C,0x00,0x60,0xFC,0x1F,0x00,0x00,0xF8,0x3F,0x00,0x00,0x00,0x20, // 227
  0x00,0x00,0x00,0x00,0x00,0x18,0x0E,0x00,0x00,0x1C,0x1F,0x00,0xC0,0x8C,0x39,0x00,0xC0,0x86,0x31,0x00,0x00,0x86,0x31,0x00,0x00,0xC6,0x30,0x00,0xC0,0xC6,0x18,0x00,0xC0,0xCE,0x0C,0x00,0x00,0xFC,0x1F,0x00,0x00,0xF8,0x3F,0x00,0x00,0x00,0x20, // 228
  0x00,0x00,0x00,0x00,0x00,0x18,0x0E,0x00,0x00,0x1C,0x1F,0x00,0x00,0x8C,0x39,0x00,0x70,0x86,0x31,0x00,0x88,0x86,0x31,0x00,0x88,0xC6,0x30,0x00,0x88,0xC6,0x18,0x00,0x70,0xCE,0x0C,0x00,0x00,0xFC,0x1F,0x00,0x00,0xF8,0x3F,0x00,0x00,0x00,0x20, // 229
  0x00,0x00,0x00,0x00,0x00,0x10,0x0F,0x00,0x00,0x9C,0x1F,0x00,0x00,0xCC,0x39,0x00,0x00,0xC6,0x30,0x00,0x00,0xC6,0x30,0x00,0x00,0xC6,0x30,0x00,0x00,0xC6,0x30,0x00,0x00,0x66,0x18,0x00,0x00,0x6E,0x1C,0x00,0x00,0xFC,0x0F,0x00,0x00,0xFC,0x1F,0x00,0x00,0xCC,0x1C,0x00,0x00,0xCE,0x38,0x00,0x00,0xC6,0x30,0x00,0x00,0xC6,0x30,0x00,0x00,0xC6,0x30,0x00,0x00,0xC6,0x30,0x00,0x00,0xCC,0x18,0x00,0x00,0xF8,0x0C,0x00,0x00,0xE0,0x04, // 230
  0x00,0x00,0x00,0x00,0x00,0xF0,0x07,0x00,0x00,0xF8,0x0F,0x00,0x00,0x1C,0x1C,0x00,0x00,0x0E,0x38,0x02,0x00,0x06,0x30,0x02,0x00,0x06,0xF0,0x02,0x00,0x06,0xB0,0x03,0x00,0x0E,0x38,0x01,0x00,0x1C,0x1C,0x00,0x00,0x18,0x0C, // 231
  0x00,0x00,0x00,0x00,0x00,0xE0,0x07,0x00,0x00,0xF8,0x0F,0x00,0x00,0xDC,0x1C,0x00,0x20,0xCE,0x38,0x00,0x60,0xC6,0x30,0x00,0xE0,0xC6,0x30,0x00,0x80,0xC6,0x30,0x00,0x00,0xCE,0x38,0x00,0x00,0xDC,0x18,0x00,0x00,0xF8,0x0C,0x00,0x00,0xF0,0x04, // 232
  0x00,0x00,0x00,0x00,0x00,0xE0,0x07,0x00,0x00,0xF8,0x0F,0x00,0x00,0xDC,0x1C,0x00,0x00,0xCE,0x38,0x00,0x80,0xC6,0x30,0x00,0xE0,0xC6,0x30,0x00,0x60,0xC6,0x30,0x00,0x20,0xCE,0x38,0x00,0x00,0xDC,0x18,0x00,0x00,0xF8,0x0C,0x00,0x00,0xF0,0x04, // 233
  0x00,0x00,0x00,0x00,0x00,0xE0,0x07,0x00,0x00,0xF8,0x0F,0x00,0x00,0xDC,0x1C,0x00,0x80,0xCE,0x38,0x00,0xC0,0xC6,0x30,0x00,0x60,0xC6,0x30,0x00,0x60,0xC6,0x30,0x00,0xC0,0xCE,0x38,0x00,0x80,0xDC,0x18,0x00,0x00,0xF8,0x0C,0x00,0x00,0xF0,0x04, // 234
  0x00,0x00,0x00,0x00,0x00,0xE0,0x07,0x00,0x00,0xF8,0x0F,0x00,0x00,0xDC,0x1C,0x00,0xC0,0xCE,0x38,0x00,0xC0,0xC6,0x30,0x00,0x00,0xC6,0x30,0x00,0x00,0xC6,0x30,0x00,0xC0,0xCE,0x38,0x00,0xC0,0xDC,0x18,0x00,0x00,0xF8,0x0C,0x00,0x00,0xF0,0x04, // 235
  0x00,0x00,0x00,0x00,0x20,0x00,0x00,0x00,0x60,0xFE,0x3F,0x00,0xE0,0xFE,0x3F,0x00,0x80, // 236
  0x00,0x00,0x00,0x00,0x80,0x00,0x00,0x00,0xE0,0xFE,0x3F,0x00,0x60,0xFE,0x3F,0x00,0x20, // 237
  0x80,0x00,0x00,0x00,0xC0,0x00,0x00,0x00,0x60,0xFE,0x3F,0x00,0x60,0xFE,0x3F,0x00,0xC0,0x00,0x00,0x00,0x80, // 238
  0xC0,0x00,0x00,0x00,0xC0,0x00,0x00,0x00,0x00,0xFE,0x3F,0x00,0x00,0xFE,0x3F,0x00,0xC0,0x00,0x00,0x00,0xC0, // 239
  0x00,0x00,0x00,0x00,0x00,0xF0,0x07,0x00,0x00,0xF8,0x0F,0x00,0x00,0x1D,0x1C,0x00,0xA0,0x0F,0x38,0x00,0xA0,0x06,0x30,0x00,0xE0,0x06,0x30,0x00,0xC0,0x06,0x30,0x00,0xC0,0x0F,0x38,0x00,0x20,0x1F,0x1C,0x00,0x00,0xFC,0x0F,0x00,0x00,0xE0,0x07, // 240
  0x00,0x00,0x00,0x00,0x00,0x00,0x00,0x00,0x00,0xFE,0x3F,0x00,0xC0,0xFE,0x3F,0x00,0xE0,0x18,0x00,0x00,0x60,0x0C,0x00,0x00,0x60,0x06,0x00,0x00,0xC0,0x06,0x00,0x00,0xC0,0x06,0x00,0x00,0xE0,0x0E,0x00,0x00,0x60,0xFC,0x3F,0x00,0x00,0xF8,0x3F, // 241
  0x00,0x00,0x00,0x00,0x00,0xF0,0x07,0x00,0x00,0xF8,0x0F,0x00,0x00,0x1C,0x1C,0x00,0x20,0x0E,0x38,0x00,0x60,0x06,0x30,0x00,0xE0,0x06,0x30,0x00,0x80,0x06,0x30,0x00,0x00,0x0E,0x38,0x00,0x00,0x1C,0x1C,0x00,0x00,0xF8,0x0F,0x00,0x00,0xF0,0x07, // 242
  0x00,0x00,0x00,0x00,0x00,0xF0,0x07,0x00,0x00,0xF8,0x0F,0x00,0x00,0x1C,0x1C,0x00,0x00,0x0E,0x38,0x00,0x80,0x06,0x30,0x00,0xE0,0x06,0x30,0x00,0x60,0x06,0x30,0x00,0x20,0x0E,0x38,0x00,0x00,0x1C,0x1C,0x00,0x00,0xF8,0x0F,0x00,0x00,0xF0,0x07, // 243
  0x00,0x00,0x00,0x00,0x00,0xF0,0x07,0x00,0x00,0xF8,0x0F,0x00,0x00,0x1C,0x1C,0x00,0x80,0x0E,0x38,0x00,0xC0,0x06,0x30,0x00,0x60,0x06,0x30,0x00,0x60,0x06,0x30,0x00,0xC0,0x0E,0x38,0x00,0x80,0x1C,0x1C,0x00,0x00,0xF8,0x0F,0x00,0x00,0xF0,0x07, // 244
  0x00,0x00,0x00,0x00,0x00,0xF0,0x07,0x00,0x00,0xF8,0x0F,0x00,0xC0,0x1C,0x1C,0x00,0xE0,0x0E,0x38,0x00,0x60,0x06,0x30,0x00,0x60,0x06,0x30,0x00,0xC0,0x06,0x30,0x00,0xC0,0x0E,0x38,0x00,0xE0,0x1C,0x1C,0x00,0x60,0xF8,0x0F,0x00,0x00,0xF0,0x07, // 245
  0x00,0x00,0x00,0x00,0x00,0xF0,0x07,0x00,0x00,0xF8,0x0F,0x00,0x00,0x1C,0x1C,0x00,0xC0,0x0E,0x38,0x00,0xC0,0x06,0x30,0x00,0x00,0x06,0x30,0x00,0x00,0x06,0x30,0x00,0xC0,0x0E,0x38,0x00,0xC0,0x1C,0x1C,0x00,0x00,0xF8,0x0F,0x00,0x00,0xF0,0x07, // 246
  0x00,0x00,0x00,0x00,0x00,0x30,0x00,0x00,0x00,0x30,0x00,0x00,0x00,0x30,0x00,0x00,0x00,0x30,0x00,0x00,0x00,0x30,0x00,0x00,0x00,0xB6,0x01,0x00,0x00,0xB6,0x01,0x00,0x00,0x30,0x00,0x00,0x00,0x30,0x00,0x00,0x00,0x30,0x00,0x00,0x00,0x30,0x00,0x00,0x00,0x30,  // 247
  0x00,0x00,0x00,0x00,0x00,0x00,0x00,0x00,0x00,0xF0,0x67,0x00,0x00,0xF8,0x7F,0x00,0x00,0x1C,0x1C,0x00,0x00,0x0E,0x3F,0x00,0x00,0x86,0x33,0x00,0x00,0xE6,0x31,0x00,0x00,0x76,0x30,0x00,0x00,0x3E,0x38,0x00,0x00,0x1C,0x1C,0x00,0x00,0xFF,0x0F,0x00,0x00,0xF3,0x07, // 248
  0x00,0x00,0x00,0x00,0x00,0x00,0x00,0x00,0x00,0xFE,0x0F,0x00,0x00,0xFE,0x1F,0x00,0x20,0x00,0x38,0x00,0x60,0x00,0x30,0x00,0xE0,0x00,0x30,0x00,0x80,0x00,0x30,0x00,0x00,0x00,0x18,0x00,0x00,0x00,0x0C,0x00,0x00,0xFE,0x3F,0x00,0x00,0xFE,0x3F, // 249
  0x00,0x00,0x00,0x00,0x00,0x00,0x00,0x00,0x00,0xFE,0x0F,0x00,0x00,0xFE,0x1F,0x00,0x00,0x00,0x38,0x00,0x00,0x00,0x30,0x00,0x80,0x00,0x30,0x00,0xE0,0x00,0x30,0x00,0x60,0x00,0x18,0x00,0x20,0x00,0x0C,0x00,0x00,0xFE,0x3F,0x00,0x00,0xFE,0x3F, // 250
  0x00,0x00,0x00,0x00,0x00,0x00,0x00,0x00,0x00,0xFE,0x0F,0x00,0x00,0xFE,0x1F,0x00,0x80,0x00,0x38,0x00,0xC0,0x00,0x30,0x00,0x60,0x00,0x30,0x00,0x60,0x00,0x30,0x00,0xC0,0x00,0x18,0x00,0x80,0x00,0x0C,0x00,0x00,0xFE,0x3F,0x00,0x00,0xFE,0x3F, // 251
  0x00,0x00,0x00,0x00,0x00,0x00,0x00,0x00,0x00,0xFE,0x0F,0x00,0x00,0xFE,0x1F,0x00,0xC0,0x00,0x38,0x00,0xC0,0x00,0x30,0x00,0x00,0x00,0x30,0x00,0x00,0x00,0x30,0x00,0xC0,0x00,0x18,0x00,0xC0,0x00,0x0C,0x00,0x00,0xFE,0x3F,0x00,0x00,0xFE,0x3F, // 252
  0x00,0x00,0x00,0x00,0x00,0x0E,0x00,0x00,0x00,0x7E,0x00,0x06,0x00,0xF0,0x01,0x06,0x00,0x80,0x0F,0x07,0x80,0x00,0xFE,0x03,0xE0,0x00,0xFC,0x00,0x60,0xC0,0x1F,0x00,0x20,0xF8,0x03,0x00,0x00,0x3E,0x00,0x00,0x00,0x06,  // 253
  0x00,0x00,0x00,0x00,0x00,0x00,0x00,0x00,0xE0,0xFF,0xFF,0x07,0xE0,0xFF,0xFF,0x07,0x00,0x1C,0x18,0x00,0x00,0x06,0x30,0x00,0x00,0x06,0x30,0x00,0x00,0x06,0x30,0x00,0x00,0x0E,0x38,0x00,0x00,0x1C,0x1C,0x00,0x00,0xF8,0x0F,0x00,0x00,0xF0,0x03, // 254
  0x00,0x00,0x00,0x00,0x00,0x0E,0x00,0x00,0x00,0x7E,0x00,0x06,0xC0,0xF0,0x01,0x06,0xC0,0x80,0x0F,0x07,0x00,0x00,0xFE,0x03,0x00,0x00,0xFC,0x00,0xC0,0xC0,0x1F,0x00,0xC0,0xF8,0x03,0x00,0x00,0x3E,0x00,0x00,0x00,0x06 // 255
};
